iteration,data_cycle,cumulative_running_hours,data_points_in_hour,nearest_cluster_id,slope_power_vs_small_delta_t,slope_small_delta_t,initial_power,initial_small_delta_t,step_small_delta_t_increase,cumulative_small_delta_t_increase,new_small_delta_t,new_power,small_delta_t_difference,power_difference,step_power_increase,cumulative_power_increase,period_cost,cumulative_cost,period,iteration_timestamp,power_difference_per_period,cumulative_power_difference,power_difference_per_hour,start_date,current_date,predicted_end_date,current_running_hour
,,,,,,,,,,,,,,,,,,,,,,,,2025-05-06,2025-05-09,2026-10-26,614.2
1,0,10,191,4.0,625.2561337377925,1.9253838024920518e-05,921.4263691581142,2.597811955134608,0.0001925383802492052,0.0001925383802492052,2.598004493514857,921.546754961345,0.0001925383802492052,0.120385803230755,0.120385803230755,0.120385803230755,1.565015441999815,1.565015441999815,10,2025-05-06 22:27:00,1.20385803230755,1.20385803230755,0.12038580323075501,,,,
2,0,20,202,4.0,625.2561337377925,1.9253838024920518e-05,921.4263691581142,2.597811955134608,0.0001925383802492052,0.0003850767604984104,2.5981970318951064,921.6671407645757,0.0003850767604984104,0.24077160646151,0.120385803230755,0.24077160646151,3.13003088399963,4.695046325999445,10,2025-05-07 08:18:00,2.4077160646151,3.6115740969226504,0.18057870484613253,,,,
3,0,30,174,2.0,425.25618528610147,0.0011827250177331092,875.1668510786632,2.5431801809254053,0.011827250177331092,0.012212326937829502,2.555392507863235,880.3602186457113,0.012212326937829502,5.193367567048071,1.0,1.24077160646151,67.51377837162492,72.20882469762437,10,2025-05-07 18:24:00,51.93367567048071,55.54524976740336,1.8515083255801121,,,,
4,0,40,192,4.0,625.2561337377925,1.9253838024920518e-05,921.4263691581142,2.597811955134608,0.0001925383802492052,0.012404865318078707,2.6102168204526865,929.1825872864341,0.012404865318078707,7.756218128319924,0.120385803230755,1.361157409692265,100.83083566815901,173.0396603657834,10,2025-05-08 04:18:00,77.56218128319924,133.1074310506026,3.327685776265065,,,,
5,0,50,200,4.0,625.2561337377925,1.9253838024920518e-05,921.4263691581142,2.597811955134608,0.0001925383802492052,0.012597403698327911,2.610409358832936,929.3029730896649,0.012597403698327911,7.876603931550679,0.120385803230755,1.48154321292302,102.39585111015883,275.43551147594223,10,2025-05-08 14:18:00,78.76603931550679,211.8734703661094,4.2374694073221875,,,,
6,0,60,194,4.0,625.2561337377925,1.9253838024920518e-05,921.4263691581142,2.597811955134608,0.0001925383802492052,0.012789942078577116,2.610601897213185,929.4233588928956,0.012789942078577116,7.996989734781433,0.120385803230755,1.601929016153775,103.96086655215865,379.3963780281009,10,2025-05-09 00:18:00,79.96989734781434,291.8433677139237,4.864056128565395,,,,
7,0,70,200,2.0,425.25618528610147,0.0011827250177331092,875.1668510786632,2.5431801809254053,0.011827250177331092,0.024617192255908207,2.5677973731813135,885.6354643498653,0.024617192255908207,10.468613271202083,1.0,2.601929016153775,136.09197252562709,515.488350553728,10,2025-05-09 20:36:00,104.68613271202082,396.52950042594455,5.664707148942065,,,,
8,0,80,200,4.0,625.2561337377925,1.9253838024920518e-05,921.4263691581142,2.597811955134608,0.0001925383802492052,0.024809730636157414,2.622621685770765,936.938805414754,0.024809730636157414,15.512436256639848,0.120385803230755,2.72231481938453,201.66167133631802,717.150021890046,10,2025-05-10 06:36:00,155.12436256639847,551.653862992343,6.895673287404287,,,,
9,0,90,200,2.0,425.25618528610147,0.0011827250177331092,875.1668510786632,2.5431801809254053,0.011827250177331092,0.036636980813488505,2.5798171617388936,890.7469537798074,0.036636980813488505,15.580102701144213,1.0,3.72231481938453,202.54133511487478,919.6913570049207,10,2025-05-10 16:36:00,155.80102701144213,707.4548900037851,7.860609888930945,,,,
10,0,100,21,2.0,425.25618528610147,0.0011827250177331092,875.1668510786632,2.5431801809254053,0.011827250177331092,0.0484642309908196,2.5916444119162247,895.7765650726436,0.0484642309908196,20.6097139939804,1.0,4.72231481938453,267.92628192174516,1187.617638926666,10,2025-05-11 02:36:00,206.09713993980398,913.5520299435891,9.13552029943589,,,,
11,0,110,21,2.0,425.25618528610147,0.0011827250177331092,875.1668510786632,2.5431801809254053,0.011827250177331092,0.06029148116815069,2.603471662093556,900.8061763654798,0.06029148116815069,25.639325286816586,1.0,5.72231481938453,333.3112287286156,1520.9288676552815,10,2025-05-11 02:36:00,256.39325286816586,1169.945282811755,10.63586620737959,,,,
12,0,120,60,31.0,0.0,0.0,1148.8889727536746,3.0466891566052148,0.0,0.06029148116815069,3.1069806377733653,1148.8889727536746,0.06029148116815069,0.0,0.0,5.72231481938453,0.0,1520.9288676552815,10,2025-06-12 11:12:00,0.0,1169.945282811755,9.749544023431293,,,,
13,0,130,60,31.0,0.0,0.0,1148.8889727536746,3.0466891566052148,0.0,0.06029148116815069,3.1069806377733653,1148.8889727536746,0.06029148116815069,0.0,0.0,5.72231481938453,0.0,1520.9288676552815,10,2025-06-12 11:12:00,0.0,1169.945282811755,8.999579098551962,,,,
14,0,140,200,4.0,625.2561337377925,1.9253838024920518e-05,921.4263691581142,2.597811955134608,0.0001925383802492052,0.060484019548399895,2.658295974683008,959.2443733738678,0.060484019548399895,37.81800421575358,0.120385803230755,5.842700622615285,491.6340548047966,2012.562922460078,10,2025-06-12 14:12:00,378.1800421575358,1548.125324969291,11.058038035494935,,,,
15,0,150,277,31.0,0.0,0.0,1148.8889727536746,3.0466891566052148,0.0,0.060484019548399895,3.1071731761536148,1148.8889727536746,0.060484019548399895,0.0,0.0,5.842700622615285,0.0,2012.562922460078,10,2025-06-13 00:12:00,0.0,1548.125324969291,10.320835499795272,,,,
16,0,160,168,33.0,519.2636337971833,0.0009476714708714835,890.3168561360673,2.435607851023825,0.009476714708714834,0.06996073425711473,2.5055685852809395,926.6449212295357,0.06996073425711473,36.328065093468474,1.0,6.842700622615285,472.2648462150902,2484.827768675168,10,2025-09-19 08:54:00,363.28065093468473,1911.4059759039756,11.946287349399848,,,,
17,0,170,200,33.0,519.2636337971833,0.0009476714708714835,890.3168561360673,2.435607851023825,0.009476714708714834,0.07943744896582956,2.515045299989654,931.5658345456422,0.07943744896582956,41.24897840957496,1.0,7.842700622615285,536.2367193244745,3021.0644879996426,10,2025-09-19 17:18:00,412.4897840957496,2323.895759999725,13.669975058821914,,,,
18,0,180,200,33.0,519.2636337971833,0.0009476714708714835,890.3168561360673,2.435607851023825,0.009476714708714834,0.0889141636745444,2.5245220146983693,936.4867478617487,0.0889141636745444,46.16989172568144,1.0,8.842700622615286,600.2085924338587,3621.2730804335015,10,2025-09-20 03:18:00,461.6989172568144,2785.5946772565394,15.475525984758551,,,,
19,0,190,200,4.0,625.2561337377925,1.9253838024920518e-05,921.4263691581142,2.597811955134608,0.0001925383802492052,0.0891067020547936,2.6869186571894015,977.1408811750199,0.0891067020547936,55.71451201690566,0.120385803230755,8.963086425846042,724.2886562197735,4345.561736653275,10,2025-09-20 13:18:00,557.1451201690566,3342.739797425596,17.593367354871557,,,,
20,0,200,200,4.0,625.2561337377925,1.9253838024920518e-05,921.4263691581142,2.597811955134608,0.0001925383802492052,0.0892992404350428,2.687111195569651,977.2612669782507,0.0892992404350428,55.83489782013641,0.120385803230755,9.083472229076797,725.8536716617733,5071.415408315049,10,2025-09-20 23:18:00,558.3489782013642,3901.0887756269603,19.505443878134802,,,,
21,0,210,200,4.0,625.2561337377925,1.9253838024920518e-05,921.4263691581142,2.597811955134608,0.0001925383802492052,0.089491778815292,2.6873037339499,977.3816527814813,0.089491778815292,55.95528362336716,0.120385803230755,9.203858032307553,727.418687103773,5798.834095418822,10,2025-09-21 09:18:00,559.5528362336715,4460.641611860632,21.24115053266968,,,,
22,0,220,200,33.0,519.2636337971833,0.0009476714708714835,890.3168561360673,2.435607851023825,0.009476714708714834,0.09896849352400683,2.5345763445478315,941.7075957147761,0.09896849352400683,51.39073957870879,1.0,10.203858032307553,668.0796145232142,6466.913709942036,10,2025-09-21 19:18:00,513.9073957870879,4974.54900764772,22.611586398398728,,,,
23,0,230,196,4.0,625.2561337377925,1.9253838024920518e-05,921.4263691581142,2.597811955134608,0.0001925383802492052,0.09916103190425603,2.696972987038864,983.4274125840192,0.09916103190425603,62.00104342590502,0.120385803230755,10.324243835538308,806.0135645367653,7272.927274478801,10,2025-09-22 05:18:00,620.0104342590502,5594.55944190677,24.324171486551176,,,,
24,0,240,201,4.0,625.2561337377925,1.9253838024920518e-05,921.4263691581142,2.597811955134608,0.0001925383802492052,0.09935357028450523,2.697165525419113,983.5477983872499,0.09935357028450523,62.12142922913577,0.120385803230755,10.444629638769063,807.578579978765,8080.505854457566,10,2025-09-25 14:33:00,621.2142922913577,6215.773734198128,25.899057225825533,,,,
25,0,250,200,33.0,519.2636337971833,0.0009476714708714835,890.3168561360673,2.435607851023825,0.009476714708714834,0.10883028499322006,2.5444381360170447,946.8284653888297,0.10883028499322006,56.51160925276251,1.0,11.444629638769063,734.6509202859127,8815.156774743478,10,2025-09-26 00:36:00,565.1160925276251,6780.889826725754,27.123559306903015,,,,
26,0,260,200,31.0,0.0,0.0,1148.8889727536746,3.0466891566052148,0.0,0.10883028499322006,3.1555194415984347,1148.8889727536746,0.10883028499322006,0.0,0.0,11.444629638769063,0.0,8815.156774743478,10,2025-09-26 10:36:00,0.0,6780.889826725754,26.080345487406746,,,,
27,0,270,200,33.0,519.2636337971833,0.0009476714708714835,890.3168561360673,2.435607851023825,0.009476714708714834,0.1183069997019349,2.55391485072576,951.7493787049362,0.1183069997019349,61.43252256886899,1.0,12.444629638769063,798.6227933952969,9613.779568138776,10,2025-09-26 20:36:00,614.3252256886899,7395.215052414444,27.389685379312755,,,,
28,0,280,200,4.0,625.2561337377925,1.9253838024920518e-05,921.4263691581142,2.597811955134608,0.0001925383802492052,0.1184995380821841,2.716311493216792,995.5189321890949,0.1184995380821841,74.09256303098074,0.120385803230755,12.565015441999819,963.2033194027497,10576.982887541526,10,2025-09-27 06:36:00,740.9256303098074,8136.140682724251,29.057645295443752,,,,
29,0,290,200,4.0,625.2561337377925,1.9253838024920518e-05,921.4263691581142,2.597811955134608,0.0001925383802492052,0.1186920764624333,2.716504031597041,995.6393179923257,0.1186920764624333,74.21294883421149,0.120385803230755,12.685401245230574,964.7683348447493,11541.751222386276,10,2025-09-27 16:36:00,742.1294883421149,8878.270171066366,30.614724727815055,,,,
30,0,300,200,4.0,625.2561337377925,1.9253838024920518e-05,921.4263691581142,2.597811955134608,0.0001925383802492052,0.11888461484268249,2.7166965699772905,995.7597037955564,0.11888461484268249,74.33333463744223,0.120385803230755,12.80578704846133,966.333350286749,12508.084572673026,10,2025-09-28 02:36:00,743.3333463744224,9621.603517440788,32.07201172480263,,,,
31,0,310,200,4.0,625.2561337377925,1.9253838024920518e-05,921.4263691581142,2.597811955134608,0.0001925383802492052,0.11907715322293169,2.7168891083575395,995.8800895987872,0.11907715322293169,74.453720440673,0.120385803230755,12.926172851692085,967.898365728749,13475.982938401776,10,2025-09-28 12:36:00,744.53720440673,10366.140721847518,33.43916361886296,,,,
32,0,320,199,33.0,519.2636337971833,0.0009476714708714835,890.3168561360673,2.435607851023825,0.009476714708714834,0.12855386793164653,2.5641617189554715,957.0702047369373,0.12855386793164653,66.75334860086997,1.0,13.926172851692085,867.7935318113095,14343.776470213084,10,2025-09-28 22:36:00,667.5334860086997,11033.674207856218,34.48023189955068,,,,
33,0,330,195,31.0,0.0,0.0,1148.8889727536746,3.0466891566052148,0.0,0.12855386793164653,3.1752430245368615,1148.8889727536746,0.12855386793164653,0.0,0.0,13.926172851692085,0.0,14343.776470213084,10,2025-09-29 08:33:00,0.0,11033.674207856218,33.435376387443085,,,,
34,0,340,199,4.0,625.2561337377925,1.9253838024920518e-05,921.4263691581142,2.597811955134608,0.0001925383802492052,0.12874640631189574,2.7265583614465037,1001.9258494013251,0.12874640631189574,80.49948024321085,0.120385803230755,14.04655865492284,1046.4932431617412,15390.269713374826,10,2025-10-03 18:27:00,804.9948024321086,11838.669010288328,34.81961473614214,,,,
35,0,350,201,4.0,625.2561337377925,1.9253838024920518e-05,921.4263691581142,2.597811955134608,0.0001925383802492052,0.12893894469214495,2.7267508998267527,1002.0462352045558,0.12893894469214495,80.61986604644162,0.120385803230755,14.166944458153596,1048.058258603741,16438.327971978568,10,2025-10-04 04:24:00,806.1986604644162,12644.867670752745,36.128193345007844,,,,
36,0,360,200,4.0,625.2561337377925,1.9253838024920518e-05,921.4263691581142,2.597811955134608,0.0001925383802492052,0.12913148307239417,2.726943438207002,1002.1666210077866,0.12913148307239417,80.74025184967238,0.120385803230755,14.287330261384351,1049.623274045741,17487.95124602431,10,2025-10-04 14:27:00,807.4025184967238,13452.270189249468,37.36741719235963,,,,
37,0,370,199,4.0,625.2561337377925,1.9253838024920518e-05,921.4263691581142,2.597811955134608,0.0001925383802492052,0.12932402145264338,2.727135976587251,1002.2870068110174,0.12932402145264338,80.86063765290314,0.120385803230755,14.407716064615107,1051.1882894877408,18539.13953551205,10,2025-10-05 00:27:00,808.6063765290314,14260.876565778499,38.542909637239184,,,,
38,0,380,88,31.0,0.0,0.0,1148.8889727536746,3.0466891566052148,0.0,0.12932402145264338,3.176013178057858,1148.8889727536746,0.12932402145264338,0.0,0.0,14.407716064615107,0.0,18539.13953551205,10,2025-10-05 10:24:00,0.0,14260.876565778499,37.52862254152237,,,,
39,0,390,200,4.0,625.2561337377925,1.9253838024920518e-05,921.4263691581142,2.597811955134608,0.0001925383802492052,0.1295165598328926,2.7273285149675006,1002.4073926142481,0.1295165598328926,80.9810234561339,0.120385803230755,14.528101867845862,1052.7533049297406,19591.892840441793,10,2025-10-25 16:24:00,809.810234561339,15070.686800339838,38.64278666753805,,,,
40,0,400,116,33.0,519.2636337971833,0.0009476714708714835,890.3168561360673,2.435607851023825,0.009476714708714834,0.13899327454160743,2.574601125565432,962.4910089479118,0.13899327454160743,72.17415281184459,1.0,15.528101867845862,938.2639865539797,20530.15682699577,10,2025-10-26 02:24:00,721.7415281184459,15792.428328458283,39.48107082114571,,,,
41,0,410,200,4.0,625.2561337377925,1.9253838024920518e-05,921.4263691581142,2.597811955134608,0.0001925383802492052,0.13918581292185664,2.7369977680564648,1008.453152416786,0.13918581292185664,87.02678325867177,0.120385803230755,15.648487671076618,1131.348182362733,21661.505009358505,10,2025-10-26 12:24:00,870.2678325867178,16662.696161045,40.6407223440122,,,,
42,0,420,200,33.0,519.2636337971833,0.0009476714708714835,890.3168561360673,2.435607851023825,0.009476714708714834,0.14866252763057147,2.5842703786543963,967.511900442992,0.14866252763057147,77.1950443069247,1.0,16.648487671076616,1003.5355759900211,22665.040585348524,10,2025-10-26 22:24:00,771.9504430692471,17434.64660411425,41.511063343129166,,,,
43,0,430,202,4.0,625.2561337377925,1.9253838024920518e-05,921.4263691581142,2.597811955134608,0.0001925383802492052,0.14885506601082069,2.7466670211454285,1014.4989122193239,0.14885506601082069,93.07254306120963,0.120385803230755,16.76887347430737,1209.9430597957253,23874.98364514425,10,2025-10-27 08:24:00,930.7254306120963,18365.372034726344,42.71016752261941,,,,
44,0,440,198,4.0,625.2561337377925,1.9253838024920518e-05,921.4263691581142,2.597811955134608,0.0001925383802492052,0.1490476043910699,2.746859559525678,1014.6192980225546,0.1490476043910699,93.19292886444039,0.120385803230755,16.889259277538123,1211.508075237725,25086.491720381975,10,2025-10-27 18:30:00,931.9292886444039,19297.30132337075,43.857503007660796,,,,
45,0,450,75,4.0,625.2561337377925,1.9253838024920518e-05,921.4263691581142,2.597811955134608,0.0001925383802492052,0.1492401427713191,2.747052097905927,1014.7396838257854,0.1492401427713191,93.31331466767115,0.120385803230755,17.009645080768877,1213.073090679725,26299.5648110617,10,2025-10-25 12:39:00,933.1331466767115,20230.43447004746,44.956521044549916,,,,
46,0,460,200,4.0,625.2561337377925,1.9253838024920518e-05,921.4263691581142,2.597811955134608,0.0001925383802492052,0.14943268115156833,2.7472446362861764,1014.8600696290162,0.14943268115156833,93.43370047090191,0.120385803230755,17.13003088399963,1214.6381061217248,27514.202917183426,10,2025-10-25 16:24:00,934.3370047090191,21164.77147475648,46.01037277120974,,,,
47,0,470,116,33.0,519.2636337971833,0.0009476714708714835,890.3168561360673,2.435607851023825,0.009476714708714834,0.15890939586028316,2.594517246884108,972.832726474993,0.15890939586028316,82.51587033892571,1.0,18.13003088399963,1072.7063144060342,28586.90923158946,10,2025-10-26 02:24:00,825.1587033892571,21989.930178145736,46.78708548541646,,,,
48,0,480,200,4.0,625.2561337377925,1.9253838024920518e-05,921.4263691581142,2.597811955134608,0.0001925383802492052,0.15910193424053237,2.75691388937514,1020.905829431554,0.15910193424053237,99.47946027343978,0.120385803230755,18.250416687230384,1293.2329835547173,29880.142215144177,10,2025-10-26 12:24:00,994.7946027343978,22984.724780880133,47.884843293500275,,,,
49,0,490,200,33.0,519.2636337971833,0.0009476714708714835,890.3168561360673,2.435607851023825,0.009476714708714834,0.1685786489492472,2.604186499973072,977.8536179700731,0.1685786489492472,87.53676183400582,1.0,19.250416687230384,1137.9779038420756,31018.12011898625,10,2025-10-26 22:24:00,875.3676183400581,23860.09239922019,48.69406612085753,,,,
50,0,500,202,4.0,625.2561337377925,1.9253838024920518e-05,921.4263691581142,2.597811955134608,0.0001925383802492052,0.16877118732949642,2.7665831424641043,1026.951589234092,0.16877118732949642,105.52522007597766,0.120385803230755,19.370802490461138,1371.8278609877095,32389.94797997396,10,2025-10-27 08:24:00,1055.2522007597765,24915.344599979966,49.830689199959934,,,,
51,0,510,198,4.0,625.2561337377925,1.9253838024920518e-05,921.4263691581142,2.597811955134608,0.0001925383802492052,0.16896372570974563,2.7667756808443538,1027.0719750373225,0.16896372570974563,105.6456058792084,0.120385803230755,19.49118829369189,1373.3928764297093,33763.34085640367,10,2025-10-27 18:30:00,1056.4560587920841,25971.800658772052,50.92509933092559,,,,
52,0,520,200,4.0,625.2561337377925,1.9253838024920518e-05,921.4263691581142,2.597811955134608,0.0001925383802492052,0.16915626408999485,2.766968219224603,1027.1923608405534,0.16915626408999485,105.76599168243916,0.120385803230755,19.611574096922645,1374.957891871709,35138.29874827538,10,2025-10-28 04:24:00,1057.6599168243915,27029.460575596444,51.97973187614701,,,,
53,0,530,200,4.0,625.2561337377925,1.9253838024920518e-05,921.4263691581142,2.597811955134608,0.0001925383802492052,0.16934880247024406,2.767160757604852,1027.312746643784,0.16934880247024406,105.88637748566993,0.120385803230755,19.7319599001534,1376.5229073137089,36514.82165558909,10,2025-10-28 14:24:00,1058.8637748566994,28088.324350453142,52.9968383970814,,,,
54,0,540,200,4.0,625.2561337377925,1.9253838024920518e-05,921.4263691581142,2.597811955134608,0.0001925383802492052,0.16954134085049327,2.7673532959851013,1027.433132447015,0.16954134085049327,106.00676328890069,0.120385803230755,19.852345703384152,1378.087922755709,37892.9095783448,10,2025-10-29 00:24:00,1060.0676328890067,29148.39198334215,53.97850367285583,,,,
55,1,550,200,4.0,625.2561337377925,1.9253838024920518e-05,921.4263691581142,2.597811955134608,0.0001925383802492052,0.16973387923074248,2.7675458343653503,1027.5535182502456,0.16973387923074248,106.12714909213145,0.120385803230755,19.972731506614906,1379.6529381977089,39272.56251654251,10,2025-10-29 10:24:00,1061.2714909213146,30209.663474263463,54.926660862297204,,,,
56,1,560,197,4.0,625.2561337377925,1.9253838024920518e-05,921.4263691581142,2.597811955134608,0.0001925383802492052,0.1699264176109917,2.7677383727455998,1027.6739040534765,0.1699264176109917,106.24753489536221,0.120385803230755,20.09311730984566,1381.2179536397089,40653.78047018222,10,2025-10-29 20:24:00,1062.475348953622,31272.138823217087,55.84310504145908,,,,
57,1,570,200,4.0,625.2561337377925,1.9253838024920518e-05,921.4263691581142,2.597811955134608,0.0001925383802492052,0.1701189559912409,2.7679309111258488,1027.794289856707,0.1701189559912409,106.36792069859297,0.120385803230755,20.213503113076413,1382.7829690817086,42036.563439263926,10,2025-10-30 06:24:00,1063.6792069859298,32335.818030203016,56.72950531614564,,,,
58,1,580,200,4.0,625.2561337377925,1.9253838024920518e-05,921.4263691581142,2.597811955134608,0.0001925383802492052,0.17031149437149012,2.7681234495060982,1027.914675659938,0.17031149437149012,106.48830650182373,0.120385803230755,20.333888916307167,1384.3479845237084,43420.911423787635,10,2025-10-30 16:24:00,1064.8830650182372,33400.70109522125,57.58741568141595,,,,
59,1,590,200,4.0,625.2561337377925,1.9253838024920518e-05,921.4263691581142,2.597811955134608,0.0001925383802492052,0.17050403275173934,2.7683159878863473,1028.0350614631686,0.17050403275173934,106.60869230505449,0.120385803230755,20.45427471953792,1385.9129999657084,44806.82442375334,10,2025-10-31 02:24:00,1066.086923050545,34466.78801827179,58.41828477673185,,,,
60,1,600,200,4.0,625.2561337377925,1.9253838024920518e-05,921.4263691581142,2.597811955134608,0.0001925383802492052,0.17069657113198855,2.7685085262665963,1028.1554472663995,0.17069657113198855,106.72907810828525,0.120385803230755,20.574660522768674,1387.4780154077084,46194.30243916105,10,2025-10-31 12:24:00,1067.2907810828524,35534.07879935465,59.22346466559108,,,,
61,1,610,86,4.0,625.2561337377925,1.9253838024920518e-05,921.4263691581142,2.597811955134608,0.0001925383802492052,0.17088910951223776,2.7687010646468457,1028.2758330696302,0.17088910951223776,106.84946391151601,0.120385803230755,20.695046325999428,1389.0430308497082,47583.34547001076,10,2025-10-31 22:24:00,1068.4946391151602,36602.57343846981,60.004218751589846,,,,
62,1,620,200,2.0,425.25618528610147,0.0011827250177331092,875.1668510786632,2.5431801809254053,0.011827250177331092,0.18271635968956884,2.725896540614974,952.8681131896124,0.18271635968956884,77.70126211094924,1.0,21.695046325999428,1010.1164074423401,48593.461877453105,10,2025-05-09 20:36:00,777.0126211094924,37379.5860595793,60.28965493480532,,,,
63,1,630,200,4.0,625.2561337377925,1.9253838024920518e-05,921.4263691581142,2.597811955134608,0.0001925383802492052,0.18290889806981805,2.780720853204426,1035.7912795914885,0.18290889806981805,114.36491043337442,0.120385803230755,21.81543212923018,1486.7438356338675,50080.20571308697,10,2025-05-10 06:36:00,1143.6491043337442,38523.23516391304,61.147992323671495,,,,
64,1,640,200,2.0,425.25618528610147,0.0011827250177331092,875.1668510786632,2.5431801809254053,0.011827250177331092,0.19473614824714913,2.7379163291725543,957.9796026195545,0.19473614824714913,82.81275154089137,1.0,22.81543212923018,1076.5657700315878,51156.77148311856,10,2025-05-10 16:36:00,828.1275154089137,39351.36267932196,61.48650418644056,,,,
65,1,650,21,2.0,425.25618528610147,0.0011827250177331092,875.1668510786632,2.5431801809254053,0.011827250177331092,0.20656339842448024,2.7497435793498854,963.0092139123907,0.20656339842448024,87.84236283372756,1.0,23.81543212923018,1141.9507168384584,52298.72219995702,10,2025-05-11 02:36:00,878.4236283372757,40229.78630765923,61.89197893486036,,,,
66,1,660,60,31.0,0.0,0.0,1148.8889727536746,3.0466891566052148,0.0,0.20656339842448024,3.253252555029695,1148.8889727536746,0.20656339842448024,0.0,0.0,23.81543212923018,0.0,52298.72219995702,10,2025-06-12 11:12:00,0.0,40229.78630765923,60.954221678271566,,,,
67,1,670,200,4.0,625.2561337377925,1.9253838024920518e-05,921.4263691581142,2.597811955134608,0.0001925383802492052,0.20675593680472945,2.8045678919393375,1050.7017868319747,0.20675593680472945,129.2754176738605,0.120385803230755,23.935817932460935,1680.5804297601865,53979.302629717204,10,2025-06-12 14:12:00,1292.7541767386049,41522.54048439784,61.97394102148931,,,,
68,1,680,277,31.0,0.0,0.0,1148.8889727536746,3.0466891566052148,0.0,0.20675593680472945,3.2534450934099444,1148.8889727536746,0.20675593680472945,0.0,0.0,23.935817932460935,0.0,53979.302629717204,10,2025-06-13 00:12:00,0.0,41522.54048439784,61.062559535879174,,,,
69,1,690,168,33.0,519.2636337971833,0.0009476714708714835,890.3168561360673,2.435607851023825,0.009476714708714834,0.21623265151344429,2.651840502537269,1002.5986085065383,0.21623265151344429,112.28175237047108,1.0,24.935817932460935,1459.6627808161243,55438.965410533325,10,2025-09-19 08:54:00,1122.8175237047108,42645.35800810255,61.804866678409496,,,,
70,1,700,200,33.0,519.2636337971833,0.0009476714708714835,890.3168561360673,2.435607851023825,0.009476714708714834,0.22570936622215912,2.661317217245984,1007.5195218226448,0.22570936622215912,117.20266568657756,1.0,25.935817932460935,1523.6346539255082,56962.600064458835,10,2025-09-19 17:18:00,1172.0266568657755,43817.384664968326,62.59626380709761,,,,
71,1,710,200,33.0,519.2636337971833,0.0009476714708714835,890.3168561360673,2.435607851023825,0.009476714708714834,0.23518608093087395,2.670793931954699,1012.4404351387514,0.23518608093087395,122.12357900268404,1.0,26.935817932460935,1587.6065270348927,58550.20659149373,10,2025-09-20 03:18:00,1221.2357900268403,45038.620454995165,63.434676697176286,,,,
72,1,720,200,4.0,625.2561337377925,1.9253838024920518e-05,921.4263691581142,2.597811955134608,0.0001925383802492052,0.23537861931112317,2.833190574445731,1068.598294633127,0.23537861931112317,147.17192547501259,0.120385803230755,27.05620373569169,1913.2350311751636,60463.44162266889,10,2025-09-20 13:18:00,1471.7192547501259,46510.33970974529,64.5976940413129,,,,
73,1,730,200,4.0,625.2561337377925,1.9253838024920518e-05,921.4263691581142,2.597811955134608,0.0001925383802492052,0.23557115769137238,2.83338311282598,1068.7186804363575,0.23557115769137238,147.29231127824335,0.120385803230755,27.176589538922443,1914.8000466171634,62378.24166928606,10,2025-09-20 23:18:00,1472.9231127824335,47983.26282252772,65.73049701716127,,,,
74,1,740,200,4.0,625.2561337377925,1.9253838024920518e-05,921.4263691581142,2.597811955134608,0.0001925383802492052,0.2357636960716216,2.8335756512062296,1068.8390662395882,0.2357636960716216,147.4126970814741,0.120385803230755,27.296975342153196,1916.3650620591634,64294.60673134522,10,2025-09-21 09:18:00,1474.126970814741,49457.38979334246,66.83431053154386,,,,
75,1,750,200,33.0,519.2636337971833,0.0009476714708714835,890.3168561360673,2.435607851023825,0.009476714708714834,0.24524041078033643,2.680848261804161,1017.6612829917786,0.24524041078033643,127.34442685571142,1.0,28.296975342153196,1655.4775491242483,65950.08428046947,10,2025-09-21 19:18:00,1273.4442685571141,50730.83406189957,67.64111208253276,,,,
76,1,760,196,4.0,625.2561337377925,1.9253838024920518e-05,921.4263691581142,2.597811955134608,0.0001925383802492052,0.24543294916058564,2.8432449042951937,1074.8848260421262,0.24543294916058564,153.45845688401198,0.120385803230755,28.41736114538395,1994.9599394921556,67945.04421996162,10,2025-09-22 05:18:00,1534.5845688401198,52265.41863073969,68.7702876720259,,,,
77,1,770,201,4.0,625.2561337377925,1.9253838024920518e-05,921.4263691581142,2.597811955134608,0.0001925383802492052,0.24562548754083485,2.8434374426754427,1075.0052118453568,0.24562548754083485,153.57884268724274,0.120385803230755,28.537746948614704,1996.5249549341556,69941.56917489578,10,2025-09-25 14:33:00,1535.7884268724274,53801.20705761212,69.87169747741834,,,,
78,1,780,200,33.0,519.2636337971833,0.0009476714708714835,890.3168561360673,2.435607851023825,0.009476714708714834,0.2551022022495497,2.6907100532733743,1022.7821526658324,0.2551022022495497,132.46529652976517,1.0,29.537746948614704,1722.048854886947,71663.61802978272,10,2025-09-26 00:36:00,1324.6529652976517,55125.86002290977,70.67417951655099,,,,
79,1,790,200,31.0,0.0,0.0,1148.8889727536746,3.0466891566052148,0.0,0.2551022022495497,3.3017913588547643,1148.8889727536746,0.2551022022495497,0.0,0.0,29.537746948614704,0.0,71663.61802978272,10,2025-09-26 10:36:00,0.0,55125.86002290977,69.77956964925288,,,,
80,1,800,200,33.0,519.2636337971833,0.0009476714708714835,890.3168561360673,2.435607851023825,0.009476714708714834,0.2645789169582645,2.7001867679820895,1027.7030659819388,0.2645789169582645,137.38620984587163,1.0,30.537746948614704,1786.0207279963313,73449.63875777906,10,2025-09-26 20:36:00,1373.8620984587164,56499.72212136849,70.62465265171062,,,,
81,1,810,200,4.0,625.2561337377925,1.9253838024920518e-05,921.4263691581142,2.597811955134608,0.0001925383802492052,0.2647714553385137,2.8625834104731216,1086.976345647202,0.2647714553385137,165.5499764890877,0.120385803230755,30.658132751845457,2152.14969435814,75601.7884521372,10,2025-09-27 06:36:00,1655.499764890877,58155.221886259365,71.79657022994984,,,,
82,1,820,200,4.0,625.2561337377925,1.9253838024920518e-05,921.4263691581142,2.597811955134608,0.0001925383802492052,0.2649639937187629,2.862775948853371,1087.0967314504326,0.2649639937187629,165.67036229231843,0.120385803230755,30.77851855507621,2153.7147098001396,77755.50316193735,10,2025-09-27 16:36:00,1656.7036229231844,59811.92550918255,72.94137257217383,,,,
83,1,830,200,4.0,625.2561337377925,1.9253838024920518e-05,921.4263691581142,2.597811955134608,0.0001925383802492052,0.2651565320990121,2.86296848723362,1087.2171172536634,0.2651565320990121,165.79074809554916,0.120385803230755,30.898904358306964,2155.279725242139,79910.78288717949,10,2025-09-28 02:36:00,1657.9074809554916,61469.83299013804,74.06003974715426,,,,
84,1,840,200,4.0,625.2561337377925,1.9253838024920518e-05,921.4263691581142,2.597811955134608,0.0001925383802492052,0.26534907047926126,2.863161025613869,1087.337503056894,0.26534907047926126,165.91113389877992,0.120385803230755,31.019290161537718,2156.844740684139,82067.62762786364,10,2025-09-28 12:36:00,1659.1113389877992,63128.94432912584,75.15350515372124,,,,
85,1,850,199,33.0,519.2636337971833,0.0009476714708714835,890.3168561360673,2.435607851023825,0.009476714708714834,0.27482578518797607,2.7104336362118007,1033.0238920139398,0.27482578518797607,142.70703587787256,1.0,32.01929016153772,1855.1914664123433,83922.81909427598,10,2025-09-28 22:36:00,1427.0703587787257,64556.01468790457,75.94825257400538,,,,
86,1,860,195,31.0,0.0,0.0,1148.8889727536746,3.0466891566052148,0.0,0.27482578518797607,3.3215149417931906,1148.8889727536746,0.27482578518797607,0.0,0.0,32.01929016153772,0.0,83922.81909427598,10,2025-09-29 08:33:00,0.0,64556.01468790457,75.06513335802858,,,,
87,1,870,199,4.0,625.2561337377925,1.9253838024920518e-05,921.4263691581142,2.597811955134608,0.0001925383802492052,0.27501832356822525,2.8728302787028333,1093.3832628594319,0.27501832356822525,171.95689370131774,0.120385803230755,32.13967596476847,2235.4396181171305,86158.25871239312,10,2025-10-03 18:27:00,1719.5689370131774,66275.58362491775,76.17883175277902,,,,
88,1,880,201,4.0,625.2561337377925,1.9253838024920518e-05,921.4263691581142,2.597811955134608,0.0001925383802492052,0.27521086194847444,2.8730228170830823,1093.5036486626627,0.27521086194847444,172.0772795045485,0.120385803230755,32.260061767999225,2237.0046335591305,88395.26334595225,10,2025-10-04 04:24:00,1720.772795045485,67996.35641996324,77.26858684086731,,,,
89,1,890,200,4.0,625.2561337377925,1.9253838024920518e-05,921.4263691581142,2.597811955134608,0.0001925383802492052,0.2754034003287236,2.8732153554633317,1093.6240344658934,0.2754034003287236,172.19766530777923,0.120385803230755,32.38044757122998,2238.56964900113,90633.83299495338,10,2025-10-04 14:27:00,1721.9766530777924,69718.33307304102,78.33520570004609,,,,
90,1,900,199,4.0,625.2561337377925,1.9253838024920518e-05,921.4263691581142,2.597811955134608,0.0001925383802492052,0.2755959387089728,2.8734078938435808,1093.7444202691242,0.2755959387089728,172.31805111100996,0.120385803230755,32.50083337446073,2240.1346644431296,92873.96765939651,10,2025-10-05 00:27:00,1723.1805111100996,71441.51358415112,79.37945953794569,,,,
91,1,910,88,31.0,0.0,0.0,1148.8889727536746,3.0466891566052148,0.0,0.2755959387089728,3.3222850953141876,1148.8889727536746,0.2755959387089728,0.0,0.0,32.50083337446073,0.0,92873.96765939651,10,2025-10-05 10:24:00,0.0,71441.51358415112,78.50715778478146,,,,
92,1,920,75,4.0,625.2561337377925,1.9253838024920518e-05,921.4263691581142,2.597811955134608,0.0001925383802492052,0.275788477089222,2.8736004322238298,1093.864806072355,0.275788477089222,172.43843691424073,0.120385803230755,32.621219177691486,2241.6996798851296,95115.66733928164,10,2025-10-25 12:39:00,1724.3843691424072,73165.89795329353,79.5281499492321,,,,
93,1,930,200,4.0,625.2561337377925,1.9253838024920518e-05,921.4263691581142,2.597811955134608,0.0001925383802492052,0.2759810154694712,2.8737929706040792,1093.9851918755858,0.2759810154694712,172.55882271747146,0.120385803230755,32.74160498092224,2243.264695327129,97358.93203460878,10,2025-10-25 16:24:00,1725.5882271747146,74891.48618046824,80.52847976394435,,,,
94,1,940,116,33.0,519.2636337971833,0.0009476714708714835,890.3168561360673,2.435607851023825,0.009476714708714834,0.285457730178186,2.721065581202011,1038.544674403888,0.285457730178186,148.2278182678207,1.0,33.74160498092224,1926.9616374816692,99285.89367209045,10,2025-10-26 02:24:00,1482.278182678207,76373.76436314645,81.24868549270899,,,,
95,1,950,200,4.0,625.2561337377925,1.9253838024920518e-05,921.4263691581142,2.597811955134608,0.0001925383802492052,0.28565026855843517,2.883462223693043,1100.0309516781235,0.28565026855843517,178.6045825200093,0.120385803230755,33.861990784152994,2321.859572760121,101607.75324485057,10,2025-10-26 12:24:00,1786.045825200093,78159.81018834654,82.27348440878583,,,,
96,1,960,200,33.0,519.2636337971833,0.0009476714708714835,890.3168561360673,2.435607851023825,0.009476714708714834,0.29512698326715003,2.730734834290975,1043.565565898968,0.29512698326715003,153.24870976290083,1.0,34.861990784152994,1992.2332269177107,103599.98647176828,10,2025-10-26 22:24:00,1532.4870976290083,79692.29728597555,83.01280967289121,,,,
97,1,970,202,4.0,625.2561337377925,1.9253838024920518e-05,921.4263691581142,2.597811955134608,0.0001925383802492052,0.2953195216473992,2.893131476782007,1106.0767114806613,0.2953195216473992,184.65034232254717,0.120385803230755,34.98237658738375,2400.454450193113,106000.44092196139,10,2025-10-27 08:24:00,1846.5034232254718,81538.80070920102,84.0606192878361,,,,
98,1,980,198,4.0,625.2561337377925,1.9253838024920518e-05,921.4263691581142,2.597811955134608,0.0001925383802492052,0.2955120600276484,2.893324015162256,1106.1970972838922,0.2955120600276484,184.7707281257779,0.120385803230755,35.1027623906145,2402.0194656351127,108402.4603875965,10,2025-10-27 18:30:00,1847.707281257779,83386.5079904588,85.08827345965184,,,,
99,1,990,200,4.0,625.2561337377925,1.9253838024920518e-05,921.4263691581142,2.597811955134608,0.0001925383802492052,0.2957045984078976,2.8935165535425056,1106.3174830871228,0.2957045984078976,184.89111392900864,0.120385803230755,35.223148193845255,2403.5844810771123,110806.0448686736,10,2025-10-28 04:24:00,1848.9111392900863,85235.41912974889,86.09638295934231,,,,
100,1,1000,200,4.0,625.2561337377925,1.9253838024920518e-05,921.4263691581142,2.597811955134608,0.0001925383802492052,0.2958971367881468,2.8937090919227546,1106.4378688903537,0.2958971367881468,185.0114997322394,0.120385803230755,35.34353399707601,2405.1494965191123,113211.19436519271,10,2025-10-28 14:24:00,1850.114997322394,87085.53412707128,87.08553412707128,,,,
101,1,1010,200,4.0,625.2561337377925,1.9253838024920518e-05,921.4263691581142,2.597811955134608,0.0001925383802492052,0.29608967516839596,2.893901630303004,1106.5582546935843,0.29608967516839596,185.13188553547013,0.120385803230755,35.46391980030676,2406.714511961112,115617.90887715382,10,2025-10-29 00:24:00,1851.3188553547013,88936.85298242599,88.05629008160989,,,,
102,1,1020,200,4.0,625.2561337377925,1.9253838024920518e-05,921.4263691581142,2.597811955134608,0.0001925383802492052,0.29628221354864515,2.894094168683253,1106.678640496815,0.29628221354864515,185.25227133870087,0.120385803230755,35.584305603537516,2408.2795274031114,118026.18840455693,10,2025-10-29 10:24:00,1852.5227133870087,90789.375695813,89.0091918586402,,,,
103,1,1030,197,4.0,625.2561337377925,1.9253838024920518e-05,921.4263691581142,2.597811955134608,0.0001925383802492052,0.29647475192889433,2.894286707063502,1106.7990263000459,0.29647475192889433,185.37265714193163,0.120385803230755,35.70469140676827,2409.8445428451114,120436.03294740204,10,2025-10-29 20:24:00,1853.7265714193163,92643.10226723232,89.94475948274982,,,,
104,1,1040,200,4.0,625.2561337377925,1.9253838024920518e-05,921.4263691581142,2.597811955134608,0.0001925383802492052,0.2966672903091435,2.8944792454437516,1106.9194121032765,0.2966672903091435,185.49304294516236,0.120385803230755,35.82507720999902,2411.4095582871105,122847.44250568915,10,2025-10-30 06:24:00,1854.9304294516237,94498.03269668393,90.8634929775807,,,,
105,1,1050,200,4.0,625.2561337377925,1.9253838024920518e-05,921.4263691581142,2.597811955134608,0.0001925383802492052,0.2968598286893927,2.8946717838240006,1107.0397979065074,0.2968598286893927,185.61342874839312,0.120385803230755,35.94546301322978,2412.9745737291105,125260.41707941826,10,2025-10-30 16:24:00,1856.134287483931,96354.16698416787,91.76587331825512,,,,
106,1,1060,200,4.0,625.2561337377925,1.9253838024920518e-05,921.4263691581142,2.597811955134608,0.0001925383802492052,0.2970523670696419,2.89486432220425,1107.160183709738,0.2970523670696419,185.73381455162385,0.120385803230755,36.06584881646053,2414.53958917111,127674.95666858937,10,2025-10-31 02:24:00,1857.3381455162385,98211.50512968411,92.65236332989068,,,,
107,1,1070,200,4.0,625.2561337377925,1.9253838024920518e-05,921.4263691581142,2.597811955134608,0.0001925383802492052,0.2972449054498911,2.895056860584499,1107.2805695129687,0.2972449054498911,185.85420035485458,0.120385803230755,36.186234619691284,2416.1046046131096,130091.06127320247,10,2025-10-31 12:24:00,1858.5420035485458,100070.04713323266,93.52340853573145,,,,
108,1,1080,86,4.0,625.2561337377925,1.9253838024920518e-05,921.4263691581142,2.597811955134608,0.0001925383802492052,0.29743744383014026,2.895249398964748,1107.4009553161995,0.29743744383014026,185.97458615808534,0.120385803230755,36.30662042292204,2417.6696200551096,132508.7308932576,10,2025-10-31 22:24:00,1859.7458615808534,101929.79299481351,94.37943795816066,,,,
109,2,1090,179,4.0,625.2561337377925,1.9253838024920518e-05,921.4263691581142,2.597811955134608,0.0001925383802492052,0.29762998221038944,2.8954419373449976,1107.5213411194302,0.29762998221038944,186.09497196131608,0.120385803230755,36.42700622615279,2419.234635497109,134927.96552875472,10,2025-05-06 12:21:00,1860.9497196131608,103790.74271442667,95.22086487562079,,,,
110,2,1100,191,4.0,625.2561337377925,1.9253838024920518e-05,921.4263691581142,2.597811955134608,0.0001925383802492052,0.29782252059063863,2.8956344757252466,1107.641726922661,0.29782252059063863,186.2153577645468,0.120385803230755,36.547392029383545,2420.7996509391087,137348.76517969382,10,2025-05-06 22:27:00,1862.153577645468,105652.89629207214,96.0480875382474,,,,
111,2,1110,202,4.0,625.2561337377925,1.9253838024920518e-05,921.4263691581142,2.597811955134608,0.0001925383802492052,0.2980150589708878,2.8958270141054956,1107.7621127258917,0.2980150589708878,186.33574356777757,0.120385803230755,36.6677778326143,2422.3646663811082,139771.1298460749,10,2025-05-07 08:18:00,1863.3574356777758,107516.25372774992,96.86148984481974,,,,
112,2,1120,174,2.0,425.25618528610147,0.0011827250177331092,875.1668510786632,2.5431801809254053,0.011827250177331092,0.3098423091482189,2.853022490073624,1006.9292095072717,0.3098423091482189,131.7623584286085,1.0,37.6677778326143,1712.9106595719109,141484.04050564682,10,2025-05-07 18:24:00,1317.6235842860851,108833.87731203601,97.1731047428893,,,,
113,2,1130,192,4.0,625.2561337377925,1.9253838024920518e-05,921.4263691581142,2.597811955134608,0.0001925383802492052,0.3100348475284681,2.907846802663076,1115.27755924775,0.3100348475284681,193.85119008963596,0.120385803230755,37.78816363584505,2520.065471165268,144004.10597681208,10,2025-05-08 04:18:00,1938.5119008963597,110772.38921293238,98.02866302029415,,,,
114,2,1140,200,4.0,625.2561337377925,1.9253838024920518e-05,921.4263691581142,2.597811955134608,0.0001925383802492052,0.3102273859087173,2.908039341043325,1115.397945050981,0.3102273859087173,193.97157589286672,0.120385803230755,37.908549439075806,2521.630486607268,146525.73646341934,10,2025-05-08 14:18:00,1939.7157589286671,112712.10497186104,98.87026751917635,,,,
115,2,1150,194,4.0,625.2561337377925,1.9253838024920518e-05,921.4263691581142,2.597811955134608,0.0001925383802492052,0.3104199242889665,2.9082318794235746,1115.5183308542116,0.3104199242889665,194.09196169609746,0.120385803230755,38.02893524230656,2523.195502049267,149048.9319654686,10,2025-05-09 00:18:00,1940.9196169609745,114653.02458882202,99.69828225114959,,,,
116,2,1160,200,2.0,425.25618528610147,0.0011827250177331092,875.1668510786632,2.5431801809254053,0.011827250177331092,0.3222471744662976,2.865427355391703,1012.2044552114257,0.3222471744662976,137.0376041327625,1.0,39.02893524230656,1781.4888537259128,150830.42081919452,10,2025-05-09 20:36:00,1370.376041327625,116023.40063014964,100.02017295702555,,,,
117,2,1170,200,4.0,625.2561337377925,1.9253838024920518e-05,921.4263691581142,2.597811955134608,0.0001925383802492052,0.32243971284654677,2.9202516679811548,1123.03377737607,0.32243971284654677,201.60740821795588,0.120385803230755,39.14932104553731,2620.8963068334265,153451.31712602795,10,2025-05-10 06:36:00,2016.074082179559,118039.4747123292,100.8884399250677,,,,
118,2,1180,200,2.0,425.25618528610147,0.0011827250177331092,875.1668510786632,2.5431801809254053,0.011827250177331092,0.33426696302387787,2.8774471439492832,1017.3159446413679,0.33426696302387787,142.14909356270465,1.0,40.14932104553731,1847.9382163151604,155299.25534234312,10,2025-05-10 16:36:00,1421.4909356270464,119460.96564795625,101.23810648131887,,,,
119,2,1190,21,2.0,425.25618528610147,0.0011827250177331092,875.1668510786632,2.5431801809254053,0.011827250177331092,0.346094213201209,2.8892743941266144,1022.345555934204,0.346094213201209,147.17870485554084,1.0,41.14932104553731,1913.323163122031,157212.57850546515,10,2025-05-11 02:36:00,1471.7870485554085,120932.75269651166,101.62416192984173,,,,
120,2,1200,60,31.0,0.0,0.0,1148.8889727536746,3.0466891566052148,0.0,0.346094213201209,3.392783369806424,1148.8889727536746,0.346094213201209,0.0,0.0,41.14932104553731,0.0,157212.57850546515,10,2025-06-12 11:12:00,0.0,120932.75269651166,100.7772939137597,,,,
121,2,1210,200,4.0,625.2561337377925,1.9253838024920518e-05,921.4263691581142,2.597811955134608,0.0001925383802492052,0.34628675158145816,2.944098706716066,1137.9442846165562,0.34628675158145816,216.51791545844193,0.120385803230755,41.26970684876807,2814.732900959745,160027.3114064249,10,2025-06-12 14:12:00,2165.1791545844194,123097.93185109607,101.73382797611245,,,,
122,2,1220,277,31.0,0.0,0.0,1148.8889727536746,3.0466891566052148,0.0,0.34628675158145816,3.392975908186673,1148.8889727536746,0.34628675158145816,0.0,0.0,41.26970684876807,0.0,160027.3114064249,10,2025-06-13 00:12:00,0.0,123097.93185109607,100.89994414024268,,,,
123,2,1230,168,33.0,519.2636337971833,0.0009476714708714835,890.3168561360673,2.435607851023825,0.009476714708714834,0.35576346629017297,2.791371317313998,1075.051886414184,0.35576346629017297,184.73503027811694,1.0,42.26970684876807,2401.55539361552,162428.86680004044,10,2025-09-19 08:54:00,1847.3503027811694,124945.28215387724,101.58153020640427,,,,
124,2,1240,200,33.0,519.2636337971833,0.0009476714708714835,890.3168561360673,2.435607851023825,0.009476714708714834,0.3652401809988878,2.8008480320227127,1079.9727997302907,0.3652401809988878,189.6559435942234,1.0,43.26970684876807,2465.527266724904,164894.39406676535,10,2025-09-19 17:18:00,1896.559435942234,126841.84158981948,102.29180773372539,,,,
125,2,1250,200,33.0,519.2636337971833,0.0009476714708714835,890.3168561360673,2.435607851023825,0.009476714708714834,0.3747168957076026,2.8103247467314274,1084.8937130463971,0.3747168957076026,194.57685691032987,1.0,44.26970684876807,2529.4991398342886,167423.89320659963,10,2025-09-20 03:18:00,1945.7685691032987,128787.61015892278,103.03008812713823,,,,
126,2,1260,200,4.0,625.2561337377925,1.9253838024920518e-05,921.4263691581142,2.597811955134608,0.0001925383802492052,0.37490943408785177,2.9727213892224595,1155.8407924177081,0.37490943408785177,234.41442325959397,0.120385803230755,44.39009265199882,3047.387502374722,170471.28070897434,10,2025-09-20 13:18:00,2344.1442325959397,131131.7543915187,104.07282094564977,,,,
127,2,1270,200,4.0,625.2561337377925,1.9253838024920518e-05,921.4263691581142,2.597811955134608,0.0001925383802492052,0.37510197246810095,2.972913927602709,1155.961178220939,0.37510197246810095,234.5348090628247,0.120385803230755,44.510478455229574,3048.9525178167214,173520.23322679105,10,2025-09-20 23:18:00,2345.348090628247,133477.10248214696,105.1000806946039,,,,
128,2,1280,200,4.0,625.2561337377925,1.9253838024920518e-05,921.4263691581142,2.597811955134608,0.0001925383802492052,0.37529451084835014,2.973106465982958,1156.0815640241697,0.37529451084835014,234.65519486605544,0.120385803230755,44.63086425846033,3050.517533258721,176570.75076004976,10,2025-09-21 09:18:00,2346.5519486605544,135823.6544308075,106.11223002406837,,,,
129,2,1290,200,33.0,519.2636337971833,0.0009476714708714835,890.3168561360673,2.435607851023825,0.009476714708714834,0.384771225557065,2.82037907658089,1090.1145608994245,0.384771225557065,199.79770476335722,1.0,45.63086425846033,2597.3701619236435,179168.1209219734,10,2025-09-21 19:18:00,1997.977047633572,137821.6314784411,106.83847401429541,,,,
130,2,1300,196,4.0,625.2561337377925,1.9253838024920518e-05,921.4263691581142,2.597811955134608,0.0001925383802492052,0.3849637639373142,2.982775719071922,1162.1273238267074,0.3849637639373142,240.7009546685933,0.120385803230755,45.75125006169108,3129.112410691713,182297.2333326651,10,2025-09-22 05:18:00,2407.009546685933,140228.64102512703,107.86818540394387,,,,
131,2,1310,201,4.0,625.2561337377925,1.9253838024920518e-05,921.4263691581142,2.597811955134608,0.0001925383802492052,0.38515630231756337,2.982968257452171,1162.2477096299383,0.38515630231756337,240.82134047182404,0.120385803230755,45.871635864921835,3130.6774261337123,185427.91075879883,10,2025-09-25 14:33:00,2408.2134047182403,142636.85442984526,108.8830949846147,,,,
132,2,1320,200,33.0,519.2636337971833,0.0009476714708714835,890.3168561360673,2.435607851023825,0.009476714708714834,0.3946330170262782,2.8302408680501028,1095.2354305734782,0.3946330170262782,204.9185744374109,1.0,46.871635864921835,2663.9414676863416,188091.85222648518,10,2025-09-26 00:36:00,2049.185744374109,144686.04017421938,109.61063649562074,,,,
133,2,1330,200,31.0,0.0,0.0,1148.8889727536746,3.0466891566052148,0.0,0.3946330170262782,3.4413221736314927,1148.8889727536746,0.3946330170262782,0.0,0.0,46.871635864921835,0.0,188091.85222648518,10,2025-09-26 10:36:00,0.0,144686.04017421938,108.78649637159351,,,,
134,2,1340,200,33.0,519.2636337971833,0.0009476714708714835,890.3168561360673,2.435607851023825,0.009476714708714834,0.404109731734993,2.839717582758818,1100.1563438895846,0.404109731734993,209.83948775351737,1.0,47.871635864921835,2727.913340795726,190819.7655672809,10,2025-09-26 20:36:00,2098.3948775351737,146784.43505175455,109.54062317295116,,,,
135,2,1350,200,4.0,625.2561337377925,1.9253838024920518e-05,921.4263691581142,2.597811955134608,0.0001925383802492052,0.40430227011524217,3.00211422524985,1174.2188434317832,0.40430227011524217,252.79247427366897,0.120385803230755,47.99202166815259,3286.3021655576968,194106.0677328386,10,2025-09-27 06:36:00,2527.92474273669,149312.35979449123,110.60174799591942,,,,
136,2,1360,200,4.0,625.2561337377925,1.9253838024920518e-05,921.4263691581142,2.597811955134608,0.0001925383802492052,0.40449480849549135,3.0023067636300995,1174.339229235014,0.40449480849549135,252.91286007689973,0.120385803230755,48.11240747138334,3287.8671809996968,197393.93491383828,10,2025-09-27 16:36:00,2529.1286007689973,151841.48839526024,111.648153231809,,,,
137,2,1370,200,4.0,625.2561337377925,1.9253838024920518e-05,921.4263691581142,2.597811955134608,0.0001925383802492052,0.40468734687574054,3.0024993020103485,1174.4596150382447,0.40468734687574054,253.03324588013047,0.120385803230755,48.232793274614096,3289.4321964416963,200683.36711027997,10,2025-09-28 02:36:00,2530.3324588013047,154371.82085406155,112.6801612073442,,,,
138,2,1380,200,4.0,625.2561337377925,1.9253838024920518e-05,921.4263691581142,2.597811955134608,0.0001925383802492052,0.4048798852559897,3.0026918403905976,1174.5800008414753,0.4048798852559897,253.1536316833612,0.120385803230755,48.35317907784485,3290.997211883696,203974.36432216366,10,2025-09-28 12:36:00,2531.536316833612,156903.35717089515,113.69808490644576,,,,
139,2,1390,199,33.0,519.2636337971833,0.0009476714708714835,890.3168561360673,2.435607851023825,0.009476714708714834,0.41435659996470453,2.849964450988529,1105.4771699215855,0.41435659996470453,215.1603137855183,1.0,49.35317907784485,2797.084079211738,206771.44840137538,10,2025-09-28 22:36:00,2151.603137855183,159054.96030875033,114.42802899910096,,,,
140,2,1400,195,31.0,0.0,0.0,1148.8889727536746,3.0466891566052148,0.0,0.41435659996470453,3.461045756569919,1148.8889727536746,0.41435659996470453,0.0,0.0,49.35317907784485,0.0,206771.44840137538,10,2025-09-29 08:33:00,0.0,159054.96030875033,113.61068593482167,,,,
141,2,1410,199,4.0,625.2561337377925,1.9253838024920518e-05,921.4263691581142,2.597811955134608,0.0001925383802492052,0.4145491383449537,3.0123610934795617,1180.625760644013,0.4145491383449537,259.199391485899,0.120385803230755,49.4735648810756,3369.5920893166876,210141.04049069207,10,2025-10-03 18:27:00,2591.99391485899,161646.95422360933,114.64322994582221,,,,
142,2,1420,201,4.0,625.2561337377925,1.9253838024920518e-05,921.4263691581142,2.597811955134608,0.0001925383802492052,0.4147416767252029,3.0125536318598107,1180.746146447244,0.4147416767252029,259.3197772891298,0.120385803230755,49.59395068430636,3371.1571047586867,213512.19759545077,10,2025-10-04 04:24:00,2593.197772891298,164240.15199650062,115.66207887077508,,,,
143,2,1430,200,4.0,625.2561337377925,1.9253838024920518e-05,921.4263691581142,2.597811955134608,0.0001925383802492052,0.4149342151054521,3.01274617024006,1180.8665322504748,0.4149342151054521,259.44016309236054,0.120385803230755,49.71433648753711,3372.722120200687,216884.91971565146,10,2025-10-04 14:27:00,2594.4016309236054,166834.55362742423,116.66752001917779,,,,
144,2,1440,199,4.0,625.2561337377925,1.9253838024920518e-05,921.4263691581142,2.597811955134608,0.0001925383802492052,0.41512675348570127,3.012938708620309,1180.9869180537055,0.41512675348570127,259.5605488955913,0.120385803230755,49.834722290767864,3374.287135642687,220259.20685129415,10,2025-10-05 00:27:00,2595.6054889559127,169430.15911638015,117.65983271970843,,,,
145,2,1450,88,31.0,0.0,0.0,1148.8889727536746,3.0466891566052148,0.0,0.41512675348570127,3.461815910090916,1148.8889727536746,0.41512675348570127,0.0,0.0,49.834722290767864,0.0,220259.20685129415,10,2025-10-05 10:24:00,0.0,169430.15911638015,116.84838559750355,,,,
146,2,1460,75,4.0,625.2561337377925,1.9253838024920518e-05,921.4263691581142,2.597811955134608,0.0001925383802492052,0.41531929186595046,3.0131312470005582,1181.1073038569361,0.41531929186595046,259.680934698822,0.120385803230755,49.95510809399862,3375.8521510846863,223635.05900237884,10,2025-10-25 12:39:00,2596.80934698822,172026.96846336836,117.8266907283345,,,,
147,2,1470,200,4.0,625.2561337377925,1.9253838024920518e-05,921.4263691581142,2.597811955134608,0.0001925383802492052,0.41551183024619964,3.0133237853808077,1181.227689660167,0.41551183024619964,259.80132050205276,0.120385803230755,50.07549389722937,3377.4171665266863,227012.47616890553,10,2025-10-25 16:24:00,2598.0132050205275,174624.98166838888,118.79250453631896,,,,
148,2,1480,116,33.0,519.2636337971833,0.0009476714708714835,890.3168561360673,2.435607851023825,0.009476714708714834,0.42498854495491445,2.8605963959787393,1110.9979523115337,0.42498854495491445,220.68109617546645,1.0,51.07549389722937,2868.854250281064,229881.3304191866,10,2025-10-26 02:24:00,2206.8109617546643,176831.79263014355,119.48094096631321,,,,
149,2,1490,200,4.0,625.2561337377925,1.9253838024920518e-05,921.4263691581142,2.597811955134608,0.0001925383802492052,0.42518108333516363,3.0229930384697714,1187.2734494627048,0.42518108333516363,265.8470803045906,0.120385803230755,51.195879700460125,3456.0120439596776,233337.34246314625,10,2025-10-26 12:24:00,2658.470803045906,179490.26343318945,120.46326404912044,,,,
150,2,1500,200,33.0,519.2636337971833,0.0009476714708714835,890.3168561360673,2.435607851023825,0.009476714708714834,0.4346577980438785,2.8702656490677034,1116.0188438066139,0.4346577980438785,225.70198767054657,1.0,52.195879700460125,2934.1258397171055,236271.46830286336,10,2025-10-26 22:24:00,2257.019876705466,181747.2833098949,121.16485553992993,,,,
151,2,1510,202,4.0,625.2561337377925,1.9253838024920518e-05,921.4263691581142,2.597811955134608,0.0001925383802492052,0.4348503364241277,3.0326622915587356,1193.3192092652425,0.4348503364241277,271.89284010712845,0.120385803230755,52.31626550369088,3534.60692139267,239806.07522425603,10,2025-10-27 08:24:00,2718.9284010712845,184466.2117109662,122.16305411322264,,,,
152,2,1520,198,4.0,625.2561337377925,1.9253838024920518e-05,921.4263691581142,2.597811955134608,0.0001925383802492052,0.43504287480437687,3.0328548299389846,1193.4395950684734,0.43504287480437687,272.0132259103592,0.120385803230755,52.43665130692163,3536.1719368346703,243342.2471610907,10,2025-10-27 18:30:00,2720.1322591035923,187186.34397006978,123.14891050662486,,,,
153,2,1530,200,4.0,625.2561337377925,1.9253838024920518e-05,921.4263691581142,2.597811955134608,0.0001925383802492052,0.43523541318462605,3.033047368319234,1193.559980871704,0.43523541318462605,272.1336117135899,0.120385803230755,52.557037110152386,3537.736952276669,246879.98411336736,10,2025-10-28 04:24:00,2721.3361171358993,189907.68008720566,124.12266672366383,,,,
154,2,1540,200,4.0,625.2561337377925,1.9253838024920518e-05,921.4263691581142,2.597811955134608,0.0001925383802492052,0.43542795156487524,3.033239906699483,1193.680366674935,0.43542795156487524,272.2539975168207,0.120385803230755,52.67742291338314,3539.3019677186694,250419.28608108603,10,2025-10-28 14:24:00,2722.5399751682066,192630.22006237388,125.08455848206096,,,,
155,2,1550,200,4.0,625.2561337377925,1.9253838024920518e-05,921.4263691581142,2.597811955134608,0.0001925383802492052,0.4356204899451244,3.0334324450797325,1193.8007524781656,0.4356204899451244,272.37438332005144,0.120385803230755,52.79780871661389,3540.8669831606685,253960.1530642467,10,2025-10-29 00:24:00,2723.7438332005145,195353.9638955744,126.0348154164996,,,,
156,2,1560,200,4.0,625.2561337377925,1.9253838024920518e-05,921.4263691581142,2.597811955134608,0.0001925383802492052,0.4358130283253736,3.0336249834599816,1193.9211382813965,0.4358130283253736,272.4947691232822,0.120385803230755,52.91819451984465,3542.431998602669,257502.58506284936,10,2025-10-29 10:24:00,2724.947691232822,198078.9115868072,126.97366127359436,,,,
157,2,1570,197,4.0,625.2561337377925,1.9253838024920518e-05,921.4263691581142,2.597811955134608,0.0001925383802492052,0.4360055667056228,3.0338175218402306,1194.041524084627,0.4360055667056228,272.6151549265129,0.120385803230755,53.0385803230754,3543.9970140446676,261046.58207689403,10,2025-10-29 20:24:00,2726.151549265129,200805.06313607233,127.90131409940913,,,,
158,2,1580,200,4.0,625.2561337377925,1.9253838024920518e-05,921.4263691581142,2.597811955134608,0.0001925383802492052,0.436198105085872,3.03401006022048,1194.1619098878577,0.436198105085872,272.73554072974366,0.120385803230755,53.158966126306154,3545.562029486668,264592.1441063807,10,2025-10-30 06:24:00,2727.3554072974366,203532.41854336977,128.8179864198543,,,,
159,2,1590,200,4.0,625.2561337377925,1.9253838024920518e-05,921.4263691581142,2.597811955134608,0.0001925383802492052,0.43639064346612116,3.034202598600729,1194.2822956910886,0.43639064346612116,272.8559265329744,0.120385803230755,53.27935192953691,3547.1270449286676,268139.27115130937,10,2025-10-30 16:24:00,2728.5592653297444,206260.9778086995,129.72388541427642,,,,
160,2,1600,200,4.0,625.2561337377925,1.9253838024920518e-05,921.4263691581142,2.597811955134608,0.0001925383802492052,0.43658318184637035,3.0343951369809785,1194.4026814943193,0.43658318184637035,272.9763123362051,0.120385803230755,53.39973773276766,3548.692060370667,271687.96321168,10,2025-10-31 02:24:00,2729.7631233620514,208990.74093206157,130.6192130825385,,,,
161,2,1610,200,4.0,625.2561337377925,1.9253838024920518e-05,921.4263691581142,2.597811955134608,0.0001925383802492052,0.43677572022661953,3.0345876753612275,1194.5230672975501,0.43677572022661953,273.0966981394359,0.120385803230755,53.520123535998415,3550.2570758126667,275238.2202874927,10,2025-10-31 12:24:00,2730.9669813943588,211721.70791345593,131.50416640587326,,,,
162,2,1620,86,4.0,625.2561337377925,1.9253838024920518e-05,921.4263691581142,2.597811955134608,0.0001925383802492052,0.4369682586068687,3.0347802137414766,1194.6434531007808,0.4369682586068687,273.21708394266665,0.120385803230755,53.64050933922917,3551.8220912546667,278790.0423787473,10,2025-10-31 22:24:00,2732.1708394266666,214453.8787528826,132.37893750177938,,,,
163,3,1630,179,4.0,625.2561337377925,1.9253838024920518e-05,921.4263691581142,2.597811955134608,0.0001925383802492052,0.4371607969871179,3.034972752121726,1194.7638389040117,0.4371607969871179,273.33746974589735,0.120385803230755,53.76089514245992,3553.387106696666,282343.429485444,10,2025-05-06 12:21:00,2733.3746974589735,217187.25345034155,133.2437137732157,,,,
164,3,1640,191,4.0,625.2561337377925,1.9253838024920518e-05,921.4263691581142,2.597811955134608,0.0001925383802492052,0.4373533353673671,3.035165290501975,1194.8842247072423,0.4373533353673671,273.4578555491281,0.120385803230755,53.881280945690676,3554.952122138666,285898.3816075826,10,2025-05-06 22:27:00,2734.578555491281,219921.83200583284,134.0986780523371,,,,
165,3,1650,202,4.0,625.2561337377925,1.9253838024920518e-05,921.4263691581142,2.597811955134608,0.0001925383802492052,0.4375458737476163,3.035357828882224,1195.004610510473,0.4375458737476163,273.5782413523589,0.120385803230755,54.00166674892143,3556.5171375806653,289454.8987451633,10,2025-05-07 08:18:00,2735.7824135235887,222657.61441935643,134.9440087390039,,,,
166,3,1660,174,2.0,425.25618528610147,0.0011827250177331092,875.1668510786632,2.5431801809254053,0.011827250177331092,0.4493731239249474,2.9925533048503525,1066.2655515290849,0.4493731239249474,191.09870045042166,1.0,55.00166674892143,2484.2831058554816,291939.18185101874,10,2025-05-07 18:24:00,1910.9870045042167,224568.60142386064,135.28229001437387,,,,
167,3,1670,192,4.0,625.2561337377925,1.9253838024920518e-05,921.4263691581142,2.597811955134608,0.0001925383802492052,0.44956566230519657,3.0473776174398046,1202.5200570323314,0.44956566230519657,281.09368787421727,0.120385803230755,55.122052552152184,3654.217942364825,295593.39979338355,10,2025-05-08 04:18:00,2810.9368787421727,227379.53830260283,136.1554121572472,,,,
168,3,1680,200,4.0,625.2561337377925,1.9253838024920518e-05,921.4263691581142,2.597811955134608,0.0001925383802492052,0.44975820068544575,3.0475701558200536,1202.6404428355622,0.44975820068544575,281.214073677448,0.120385803230755,55.24243835538294,3655.782957806824,299249.1827511904,10,2025-05-08 14:18:00,2812.1407367744805,230191.6790393773,137.0188565710579,,,,
169,3,1690,194,4.0,625.2561337377925,1.9253838024920518e-05,921.4263691581142,2.597811955134608,0.0001925383802492052,0.44995073906569494,3.047762694200303,1202.7608286387929,0.44995073906569494,281.33445948067873,0.120385803230755,55.36282415861369,3657.347973248824,302906.5307244392,10,2025-05-09 00:18:00,2813.3445948067874,233005.0236341841,137.87279504981308,,,,
