cluster_id,mean_FLA,mean_flowrate,mean_condensing_delta_t,mean_chilled_delta_t,predicted_initial_small_delta_t,predicted_initial_power,cluster_size
1,41.4625,6.82508655,-1.7375000000000007,3.5999999999999996,9.081675887208224,677.550435014722,4
2,55.475,8.11631905,-2.7750000000000004,3.7499999999999996,6.820921977889548,1252.9733485546863,2
3,34.575,0.4918981,-2.0749999999999993,2.925,7.960193689782021,672.1577798598322,2
4,58.925999999999995,362.853596,-1.608,3.182,3.908223312329332,1661.845520016563,25
5,58.590476190476195,342.9759785714286,-1.538095238095238,3.0357142857142856,3.9043100733787326,1656.688324456478,42
6,51.87083333333333,340.7624333333334,-1.5874999999999992,3.2374999999999994,3.861444216560364,1431.0227391288743,12
7,57.44230769230769,316.63106153846155,-1.5884615384615388,3.2346153846153842,3.9043100733787326,1604.2563434928015,13
8,55.14444444444444,345.3443777777779,-1.6666666666666672,2.890740740740741,3.8653574555109635,1552.9608250495453,54
9,57.01315789473684,380.1984315789474,-1.536842105263158,2.8473684210526318,3.881885639237665,1580.4851781506989,19
10,57.70166666666666,350.85455333333334,-1.5550000000000002,2.883333333333333,3.9043100733787326,1642.708356867722,30
11,55.572500000000005,337.72495999999995,-1.86,2.8325,3.9625941983031487,1541.977224099966,20
15,61.412499999999994,348.94025000000005,-1.362499999999999,2.7624999999999997,4.011806170043926,1732.617831320893,4
16,59.64874999999999,381.43012,-1.6112499999999996,2.7600000000000002,3.908223312329332,1692.4790420403694,40
18,54.91818181818181,302.96454545454543,-1.2818181818181815,2.9409090909090905,3.861444216560364,1496.8988669582577,11
20,52.84354838709677,303.5249548387096,-1.588709677419355,2.7854838709677416,3.861444216560364,1451.9515031667606,31
21,53.480000000000004,333.7692799999999,-1.6099999999999999,2.7133333333333334,3.8653574555109635,1478.642397841701,30
22,55.53043478260871,344.09344782608696,-1.4826086956521736,2.6999999999999997,3.861444216560364,1528.6851066382167,23
24,54.568749999999994,318.02752499999997,-1.3937500000000003,3.3187499999999996,3.861444216560364,1505.4244951495702,16
25,60.0,303.9931,-1.3499999999999979,3.599999999999999,3.9043100733787326,1690.7680297942597,1
26,59.614285714285714,359.99916428571436,-1.5785714285714287,3.414285714285714,3.9043100733787326,1678.1055693925082,14
27,53.325,330.55555000000004,-1.5999999999999996,3.5249999999999995,3.8653574555109635,1473.71372746238,2
28,58.02727272727273,330.3543272727273,-1.7,3.3454545454545452,3.908223312329332,1652.7690133570293,11
29,54.065909090909116,311.0249681818182,-1.4363636363636367,3.098863636363636,3.861444216560364,1495.549056343828,44
30,52.20476190476192,294.56501428571426,-1.388095238095238,3.1500000000000004,3.861444216560364,1447.7619190630182,21
31,52.48030303030303,296.39099999999996,-1.612121212121212,2.9696969696969697,3.8653574555109635,1456.5029854107513,33
32,53.60606060606061,318.57113939393935,-1.5666666666666667,3.033333333333333,3.861444216560364,1487.8244284805724,33
33,51.22272727272727,267.8609,-1.5840909090909088,3.131818181818181,3.781267848464426,1404.3595481021605,22
34,48.0,300.05785000000003,-1.7499999999999991,3.2749999999999995,5.955983973266403,1346.441086892295,2
35,54.0875,282.90292500000004,-1.675,3.2562499999999996,3.7851810874150256,1493.7854114679808,8
36,52.85,324.81675333333334,-1.8166666666666664,3.0233333333333334,3.911989540161368,1458.6334247654218,15
37,52.332352941176474,344.05381176470587,-1.9470588235294115,3.0911764705882354,4.000490737864699,1442.7588223270507,17
38,57.14807692307692,354.40315384615377,-1.8057692307692303,3.0788461538461545,3.9324309628386676,1620.9475721833496,26
39,55.12750000000001,294.49942,-1.822500000000001,3.1625,3.911989540161368,1523.3617495417411,20
40,58.375,314.49200625,-1.953125,3.2499999999999996,4.101201413581034,1640.0336714830187,16
42,71.91513157894735,443.0724039473684,-1.9417763157894736,2.995065789473684,4.842037562611511,2154.6145548193062,152
44,75.0209677419355,461.3211225806451,-1.798387096774193,2.9854838709677414,4.907933189545435,2233.986018558177,31
45,72.93593750000001,418.95888437499997,-1.69375,3.0125,4.812780112246089,2243.3790020020742,32
46,69.20476190476191,455.79048571428564,-1.733333333333333,3.041666666666667,4.718515765387405,2014.5858731120506,42
47,67.99999999999999,415.8178833333334,-1.458333333333333,3.258333333333333,4.538817296243764,1971.867225264457,6
48,70.82708333333333,405.20110833333337,-1.6395833333333334,3.1541666666666663,4.734982079274185,2095.378518810245,24
49,74.60961538461538,427.5919384615384,-1.7384615384615374,3.4134615384615383,4.863173721368495,2290.032968941184,26
50,75.3578125,443.6613875,-1.8437500000000004,3.2468749999999997,4.967614190404212,2286.883459890654,32
53,64.76798780487805,415.89538536585366,-1.9719512195121949,3.0109756097560973,4.555279482571896,1849.5599063667614,164
54,62.31052631578948,419.4035824561403,-1.8877192982456141,3.0885964912280697,4.343523664525382,1769.8779681103501,57
56,66.4186274509804,416.6136235294117,-1.8147058823529412,3.1333333333333337,4.522624723373148,1909.7917258760995,51
57,68.0967213114754,413.0896114754098,-1.8081967213114751,3.0254098360655743,4.543198804906572,2022.5319610885806,61
58,56.41041666666666,375.3592833333333,-1.625,3.0208333333333335,3.883563019662369,1563.533254988801,24
59,58.41842105263158,403.9648736842105,-1.6973684210526312,2.963157894736842,4.060781862422244,1660.4714082194819,19
60,64.0215909090909,395.2010386363636,-1.67159090909091,2.953409090909091,4.388686077364631,1785.5597997866428,44
61,61.47692307692307,385.6229243589744,-1.8038461538461543,2.95576923076923,4.055202794838334,1776.274306107161,78
62,62.18095238095239,368.9646047619048,-1.7821428571428573,3.0857142857142863,4.050691071028003,1804.6836821786528,42
63,66.05,392.4527333333333,-1.3333333333333346,3.0999999999999996,4.43951402245857,1858.592402311943,3
64,63.23888888888889,372.72215555555556,-1.455555555555556,3.238888888888889,4.168778132367756,1776.2249045704557,9
65,63.725,376.67102,-1.6799999999999997,3.3299999999999996,4.3534372790964655,1715.9932781146304,10
66,61.49285714285713,395.4158428571429,-1.760714285714286,3.2857142857142856,4.046709755738115,1804.9903007934654,14
67,61.824999999999996,407.90655000000004,-1.7249999999999996,3.6,4.1914955893248145,1790.145923960517,2
68,59.78333333333333,366.3138111111111,-1.9361111111111116,3.2055555555555553,4.043356594683066,1697.2771090163196,18
70,62.8,367.93982857142856,-1.8,3.5,4.181033253225461,1818.4373679736873,7
71,67.36842105263158,363.05966315789476,-1.8552631578947365,3.2973684210526315,4.454663894903814,1983.8317044846613,19
74,58.853125,369.377078125,-2.11875,2.9765625,4.162072346694721,1657.9956573917293,32
75,59.57051282051281,376.0119871794871,-1.8961538461538465,3.061538461538461,4.0101951458316405,1683.2024165785197,39
76,57.136486486486476,370.3926594594594,-1.9202702702702705,2.5391891891891887,4.020932160541997,1617.7339912685031,37
77,55.15192307692307,364.2789576923077,-2.028846153846154,2.675,4.062003436496247,1526.4031847134509,26
78,53.60833333333333,352.81395,-2.1333333333333337,2.891666666666667,4.161775858929312,1491.4447736520422,6
79,54.14,359.11024,-2.2299999999999995,2.7049999999999996,4.231568683531153,1497.52215748759,10
80,59.64824561403509,384.4529175438596,-2.095614035087719,2.8342105263157897,4.1168948314550144,1670.9847746025812,57
81,56.76363636363636,388.5101,-2.2409090909090907,2.6772727272727277,4.209440737155493,1576.40375574843,11
83,47.349999999999994,425.2459,-2.0500000000000007,2.925,6.299807778776135,1502.383581342972,2
84,47.86333333333333,424.26214666666664,-2.056666666666667,2.7033333333333327,6.504699536496809,1558.1046046658983,15
85,53.84489795918367,421.85787142857146,-1.796938775510204,2.475510204081633,4.091060424788376,1502.2359568086588,49
89,63.864583333333336,425.40992916666664,-1.6583333333333334,2.7479166666666663,4.501823316227035,1862.6602801710746,24
90,58.73272727272727,413.4761618181818,-1.6827272727272733,2.715454545454545,4.069471526352018,1690.982362868651,55
92,61.8537037037037,386.3996629629631,-1.7805555555555552,2.7898148148148154,4.050691071028003,1801.53392463056,54
95,57.97886597938144,407.40576907216496,-1.961340206185567,2.6,4.257387336335882,1637.3851082378785,97
99,58.035714285714285,375.63889642857146,-1.7062500000000003,2.508035714285714,3.908223312329332,1668.4836181622252,56
100,61.070833333333326,402.5366541666667,-1.8583333333333332,2.5187500000000003,4.185066249254605,1754.9953471446238,48
101,58.12419354838709,392.05075376344075,-1.9387096774193546,2.4553763440860212,4.074346941426656,1678.7412308281173,93
102,67.9375,451.2550625,-1.7374999999999998,2.34375,4.595790749835277,2017.789038584987,8
103,65.1609375,467.59530625,-1.6796875000000002,2.5765624999999996,4.50173705100047,1900.3085789238667,32
104,62.02296296296298,437.5616251851852,-1.9033333333333333,2.490370370370371,4.380884269116456,1784.0123994539706,135
105,60.57254901960784,439.6990784313725,-1.7519607843137255,2.56078431372549,4.202207213818365,1718.8677236557623,51
106,64.8576923076923,435.60103589743596,-1.7794871794871792,2.5435897435897434,4.508521278147618,1918.4441878083649,39
107,58.77365591397848,410.4466946236559,-1.717204301075269,2.5354838709677416,4.069471526352018,1671.5821160775329,93
108,58.79,451.11978,-1.5000000000000007,2.3299999999999996,4.135304265553029,1679.9813329984092,5
109,63.63214285714285,421.24049285714284,-1.5964285714285718,2.5214285714285714,4.48744672126716,1848.1640178461064,14
111,57.290000000000006,483.68342,-1.6,2.84,4.110008843215411,1611.0522859490356,5
112,50.25,442.7083,-1.25,3.0999999999999996,4.7544655236028825,1554.9551420980283,1
113,68.07499999999999,444.3274944444445,-1.7319444444444443,2.797222222222222,4.595790749835277,2017.3229378460003,36
115,67.15551470588235,442.98322058823527,-1.9003676470588236,2.9220588235294116,4.625902770075825,1964.7468735362584,136
116,63.5780487804878,451.29555731707325,-1.9664634146341464,2.873170731707317,4.604081245688235,1811.918347687807,82
117,63.550000000000004,433.4680825581395,-1.8197674418604657,2.8075581395348834,4.5106354675428335,1832.4333450004503,86
118,62.68532608695652,417.421025,-1.841304347826087,2.9190217391304345,4.284015016910013,1790.115544633213,92
119,65.7148148148148,456.1444351851852,-1.911111111111111,3.099074074074074,4.594460276016101,1862.9608596696414,54
121,68.55448717948718,433.05641153846153,-1.9509615384615382,3.0820512820512826,4.695619019326484,1998.221995373147,156
122,71.77153846153846,426.8805661538462,-1.9476923076923078,2.836923076923077,4.839598052215503,2184.4358236248845,65
123,71.5004424778761,411.40315132743365,-1.978318584070796,2.9973451327433622,4.818190933993897,2168.146628451763,113
124,67.65637254901961,428.032168627451,-2.077450980392157,2.9600490196078426,4.687390162636327,1987.0691108844767,204
125,65.67528735632185,429.30175593869734,-2.0049808429118774,2.9082375478927203,4.66064137086134,1900.3840255017853,261
127,56.49210526315789,448.31340000000006,-2.1236842105263154,2.8789473684210525,4.325104517771869,1576.8538863370252,19
128,62.49890109890111,433.84336153846164,-2.1065934065934067,2.785714285714286,4.471293645461674,1792.5091713624524,91
129,63.07366666666666,449.50964466666665,-1.9880000000000002,2.701,4.507691327160629,1817.938476750165,150
132,66.22475247524753,440.8150118811881,-1.9943069306930694,2.708168316831683,4.666691205763455,1945.2355238375662,202
133,62.37254901960785,410.4070254901962,-2.16764705882353,2.752941176470588,4.4294300321469775,1790.370235608354,51
134,64.9775,402.01606166666676,-2.058333333333333,2.8033333333333337,4.495966130037691,1917.0797061617918,60
136,64.31180555555557,424.68744652777775,-1.9732638888888892,2.7899305555555554,4.605900186816802,1865.89084985815,144
140,67.55080000000002,460.7973984,-1.9689999999999999,2.8154000000000003,4.696328985798673,1958.1962040693766,250
143,65.97978723404255,469.2499063829788,-1.7946808510638297,2.728723404255319,4.556478235045008,1910.9976005402618,47
144,67.83500000000001,523.01071,-2.0349999999999993,3.085,4.820152009784533,1924.4387299901973,10
145,68.07941176470588,527.994805882353,-2.241176470588235,2.9647058823529413,4.8629353990373225,1926.0162922725815,17
146,71.7640425531915,499.0986931914895,-2.1146808510638295,2.8889361702127663,4.959607576093918,2084.8615327486746,235
149,71.60625,474.7080660714286,-1.8232142857142861,2.7642857142857147,4.830212332598096,2107.7722115829,56
150,74.16196581196581,497.5423598290597,-1.9047008547008544,2.8529914529914535,5.041711095549334,2176.0990298613915,117
153,75.83410596026489,498.41661523178806,-1.93841059602649,3.0049668874172184,5.139167115402166,2247.1058420658705,151
154,71.34545454545454,492.12172727272724,-1.8924242424242426,3.122727272727272,4.898649257257344,2047.4486804829073,33
155,70.7970930232558,479.6006930232559,-1.865697674418605,2.9860465116279062,4.816002044572869,2049.31654963227,86
156,67.26739130434783,506.38775217391304,-1.9695652173913045,2.8934782608695655,4.75356970993356,1902.2422102450178,23
158,60.73571428571429,341.3421666666666,-2.1047619047619053,3.2,4.217913357202866,1748.6503461903237,21
159,59.2,317.2743,-2.2500000000000018,3.05,4.231865171296562,1636.263161338462,1
160,66.95,340.6395,-2.1750000000000007,3.425,4.595173469946087,1915.456620072552,2
161,57.56923076923078,387.50222307692303,-2.1653846153846157,3.3923076923076922,4.172661884176518,1605.8727054676303,13
162,62.120370370370374,391.5053814814815,-1.9851851851851856,3.262962962962964,4.251557294801193,1775.5954796346593,27
163,61.14375,376.11761875,-2.1781249999999996,3.1968750000000004,4.261139844958529,1736.2499274299435,16
164,64.76315789473685,395.44727368421053,-2.2736842105263158,2.892105263157894,4.5902593520040496,1868.9325062070927,19
166,65.4759375,424.65721,-2.20625,3.015625,4.702359884513361,1869.723144928732,160
168,65.25895522388062,409.0757134328358,-2.2731343283582093,3.1723880597014924,4.647685787466207,1862.112593216032,67
169,67.69868421052632,418.0163447368421,-2.36578947368421,2.9513157894736843,4.751684494489673,1985.827604968889,38
170,69.2996644295302,432.5336345637585,-2.2651006711409396,3.0689597315436243,4.848086180450517,2024.7095782020579,298
174,68.89195583596215,469.8907517350158,-2.10583596214511,2.882965299684543,4.814602520936283,1993.1309223256649,317
176,67.79677419354839,456.1935949308756,-2.2550691244239633,2.979953917050691,4.733658003394249,1941.7680531431326,217
177,71.06662087912088,459.5957134615385,-2.21043956043956,2.9532967032967035,4.927270676604261,2092.134737878327,364
179,66.32222222222221,441.73060617283954,-2.327777777777778,2.9327160493827154,4.729178636868493,1898.2574063605514,81
180,69.68625,432.4215225,-2.47125,2.87125,4.930594878346456,2081.538174652099,40
181,71.1340625,443.76744874999997,-2.3206249999999997,2.9115624999999996,4.9315323866455,2121.549641773891,160
182,72.55173160173159,473.8544303030303,-2.483549783549783,2.9512987012987013,5.1062139562653455,2128.9365208751833,231
183,71.46063829787234,451.4683127659574,-2.3914893617021273,2.737234042553191,4.983052992566673,2142.571249302004,47
185,69.5611111111111,424.0845259259259,-2.416666666666666,3.187037037037037,4.916400431462511,2015.312332414674,54
186,71.55,455.8608930232559,-2.5046511627906978,3.1058139534883717,5.0462256236137675,2081.3880315640927,86
188,72.42110389610392,446.18994999999995,-2.3584415584415583,3.2340909090909085,5.014429963683469,2085.2834517264087,154
189,74.97804878048781,456.96138414634146,-2.340853658536585,3.1367886178861792,5.11825897209387,2256.3553854283746,246
190,70.4321875,462.03839625,-2.2953125,3.1428125000000002,4.86107999176758,2020.7174141281007,160
191,71.89199395770393,462.51131993957694,-2.394259818731118,3.0265861027190333,4.997314017401394,2126.062983264052,331
192,35.672222222222224,293.67687777777775,-1.5666666666666667,2.4555555555555553,5.617617225369794,985.8607506858007,18
193,37.73717948717949,317.3941307692308,-1.6615384615384614,2.4102564102564106,5.933757975964356,1086.5416638430452,39
194,42.040625000000006,339.28675625,-1.831250000000001,2.4000000000000004,6.063250645161281,1260.8954959561752,16
196,47.150000000000006,302.02549999999997,-1.9499999999999993,2.625,6.058393847137292,1329.4742314511782,2
197,50.82666666666665,329.7685266666666,-2.0499999999999994,2.6966666666666668,4.185268069255881,1434.4346997553653,15
198,41.56206896551725,324.7460689655173,-1.8396551724137928,2.9000000000000004,6.063250645161281,1231.0175310518237,29
199,40.866666666666674,328.2348128205128,-1.910256410256411,2.784615384615384,6.063250645161281,1195.9299113896104,39
200,39.13611111111111,315.6278055555556,-1.7374999999999998,2.6083333333333334,5.944698620715889,1135.1246742947253,36
201,43.33289473684211,323.1576657894737,-1.7105263157894737,2.753947368421052,5.960840771290393,1280.6031743285582,38
203,38.01818181818182,427.12411818181823,-1.6863636363636358,2.554545454545455,6.154229483317979,1111.2887295981182,11
204,38.969354838709684,386.41772903225814,-1.6887096774193548,2.490322580645161,5.944698620715889,1140.1631146443765,31
208,50.23431372549019,337.1190215686275,-1.564705882352941,2.3872549019607843,4.059837980086448,1386.090063341354,51
210,50.57272727272727,334.6696181818182,-1.381818181818182,2.504545454545455,3.9569537809138016,1409.3556438511832,22
212,46.72222222222223,386.9507777777778,-1.709259259259259,2.505555555555555,5.960840771290393,1386.2353044729614,27
213,49.86944444444444,385.92142500000006,-1.5069444444444449,2.5708333333333337,4.059837980086448,1384.5345986044758,36
214,45.961363636363636,367.8950863636364,-1.3590909090909093,2.5681818181818183,5.460561976181683,1335.1076555438044,22
217,43.83977272727273,356.72117499999996,-1.5999999999999999,2.5534090909090907,5.817484036999428,1286.7054967927481,44
223,34.55769230769231,429.77709230769227,-1.5019230769230765,2.1,5.806365104162559,941.4822664347263,26
226,39.34285714285714,399.79022857142854,-1.4321428571428572,2.357142857142857,5.502210464921643,1140.8108768916068,14
227,42.53181818181818,424.3292272727272,-1.4863636363636366,2.4363636363636365,5.657421420973909,1263.6678477294354,11
228,44.33300000000001,389.85879800000004,-1.5649999999999995,2.408,5.787371190435906,1323.405518229875,50
230,40.565833333333345,359.57345,-1.3375000000000006,2.2733333333333334,5.396739565934167,1163.213352493933,60
232,38.20471698113207,394.36309811320757,-1.5367924528301884,2.1924528301886794,5.8080528315949564,1107.1699922262587,53
233,36.409090909090914,395.0240181818182,-1.6045454545454547,2.340909090909091,5.829474813604846,1064.1576402147296,33
234,35.849122807017544,370.45540350877195,-1.5175438596491229,2.308771929824562,5.57562945867144,998.5167652577683,57
235,32.05,340.3935,-0.9999999999999982,2.599999999999999,4.862517299601925,881.8242080344963,1
236,33.275,424.1392,-1.0,2.4250000000000003,5.067217633061813,1107.900144722668,2
237,36.58571428571429,374.89664999999997,-1.5892857142857149,2.664285714285714,5.642820259692893,1043.0491044831117,14
239,35.597500000000004,384.29544,-1.5075000000000003,2.4775,5.57562945867144,1000.5008023680127,20
240,31.92777777777778,340.7487777777778,-1.3666666666666665,2.6888888888888887,5.2762136122941525,868.6107577206215,9
242,38.01164383561644,337.1321671232877,-1.5034246575342465,2.289726027397261,5.7243844751390585,1073.689221183817,73
245,33.06428571428572,352.26154603174604,-1.3642857142857145,2.282539682539683,5.29582871784704,906.0568079536322,63
246,36.36857142857142,339.63458857142854,-1.2942857142857143,2.3285714285714283,5.257939333680653,1024.3616539277689,35
247,39.925581395348836,330.36680697674416,-1.2406976744186045,2.416279069767442,5.320509724363446,1154.418915075439,43
250,38.35537634408602,318.6018956989248,-1.4134408602150537,2.464516129032258,5.468231355617303,1098.9532508002646,93
252,56.474999999999994,295.01595,-1.0250000000000012,2.625,3.822726087486699,1511.5894032928327,2
253,42.9375,238.4168875,-0.9687499999999998,2.575,4.754842457187595,1183.6641054931063,8
254,46.82000000000001,261.05035999999996,-0.9600000000000009,2.38,4.699386508018645,1295.7913063110493,5
255,49.95,230.94619999999998,-0.8499999999999996,2.2500000000000004,44.76693207728293,1171.1872000450169,2
256,48.2,273.86429999999996,-1.0749999999999984,2.0250000000000004,4.749075755170203,1371.4636381015468,2
257,49.6,324.25926,-1.2899999999999998,2.27,4.041355186337894,1367.409579795489,5
258,50.1125,285.9772875,-1.3062500000000004,2.29375,3.96985951887907,1415.691916307066,8
259,33.50666666666666,252.32861692307694,-1.065128205128205,2.758717948717949,4.781681355520721,913.0186942534976,195
260,33.74810126582278,248.82419113924053,-1.1971518987341774,2.8329113924050633,4.958213601624675,928.2178051685083,158
261,31.385483870967747,241.47835161290325,-0.9669354838709678,2.6459677419354835,3.995556002807643,882.4591054362375,62
263,31.237142857142857,241.05118285714286,-1.1314285714285712,2.37,4.056389825765238,871.7337580923773,35
264,30.86829268292683,231.7620170731707,-0.9451219512195121,2.451219512195122,3.627683669529601,858.6438725373336,41
265,31.52207207207207,254.9960135135135,-0.9851351351351351,2.309009009009009,4.54241836560219,877.274499811885,111
267,33.08868613138686,275.85612554744523,-1.0565693430656935,2.372992700729927,4.781681355520721,909.1385996531963,137
268,35.62321428571429,295.9792154761905,-1.1136904761904762,2.425,4.949982834505836,1000.0350362221805,84
269,34.084482758620695,266.6483770114943,-1.1666666666666667,2.4063218390804595,4.894235628936323,949.8777960445981,87
270,35.29175531914893,273.3514638297873,-1.1811170212765958,2.5231382978723405,4.970087006042094,998.6637467400175,188
271,32.064402173913045,253.19120597826085,-1.0758152173913043,2.53125,4.7799696231874345,868.352009073804,184
272,34.61033755274262,266.45001898734176,-1.069409282700422,2.623628691983122,4.789515930370701,953.2510125322424,237
273,31.87027027027027,263.25193513513506,-0.9324324324324327,2.452702702702703,4.54241836560219,874.0391569060783,37
274,36.98846153846154,286.54960769230775,-0.9153846153846151,2.5538461538461528,4.754863339630674,1049.1270977166325,13
275,33.36716417910448,265.9627208955224,-0.9783582089552241,2.6671641791044776,4.781681355520721,903.2923878489856,67
276,49.57333333333334,278.00444,-1.2633333333333334,3.1899999999999995,3.96985951887907,1370.4859261658576,15
277,48.51666666666667,244.4734,-1.3166666666666658,3.1833333333333336,5.165159843629571,1357.5793521072558,3
278,46.66363636363637,252.99215454545455,-1.1409090909090913,3.1045454545454545,4.76022033097624,1297.1037450868948,11
279,50.6061224489796,282.3595775510204,-1.4612244897959183,2.868367346938775,3.8767774128178636,1413.467628431995,49
280,47.75,246.11304444444443,-1.2444444444444438,2.866666666666667,5.024272881171368,1298.8773637406043,9
282,50.77321428571428,284.2732107142857,-1.2625,2.9964285714285714,3.8767774128178636,1399.4388838519728,28
283,50.05250000000001,274.50376,-1.0825,2.86,3.913540607107573,1337.5076622513473,20
284,37.47159090909092,316.36877499999997,-1.2534090909090907,2.5431818181818184,5.285040507849826,1085.1210003448982,44
285,36.44611650485437,298.21205922330097,-1.2558252427184466,2.551941747572816,5.187244146170948,1023.9318015051172,103
287,41.603846153846156,330.61231538461533,-1.171153846153846,2.6076923076923078,5.151585362055077,1206.766203691934,26
290,47.449999999999996,279.8730827586207,-1.1517241379310343,2.61551724137931,4.804106206584267,1309.6246643226123,29
291,48.841666666666676,278.6111133333334,-1.3483333333333334,2.6700000000000004,3.9986217428844975,1359.6565325229021,30
292,50.997435897435906,282.28016666666673,-1.3358974358974358,2.7692307692307687,3.8767774128178636,1414.675182937341,39
294,36.933732057416265,274.2885234449761,-1.1255980861244022,2.8110047846889956,4.8747348191948445,1052.5654425857936,209
295,37.66857142857143,285.69444,-0.9457142857142855,2.784285714285714,4.87905914193908,1069.4967917425543,35
296,38.64999999999999,280.60155,-0.9678571428571429,2.9857142857142853,4.889999786690613,1101.2348929183736,28
297,38.09596774193549,270.3694403225806,-1.1072580645161292,3.039516129032259,4.950833609648207,1096.8745208401688,62
298,35.65130434782609,249.33461826086955,-1.076521739130435,2.959130434782608,4.806768943963042,999.5057036363969,115
299,35.74712643678161,254.7608344827586,-0.9936781609195401,2.874137931034483,4.79355475993814,1011.2531576120025,87
300,41.63095238095237,297.1826095238095,-1.3595238095238098,3.119047619047619,5.455705178157694,1191.0333583393456,42
301,41.76666666666667,336.6223,-1.4499999999999993,3.1333333333333333,5.4723361930669085,1209.1886336186037,3
303,38.650000000000006,269.3712724637681,-1.3855072463768114,2.931159420289855,5.30369609938284,1102.0676189297994,69
304,36.382300884955754,263.88158495575226,-1.297345132743363,2.816814159292036,5.157488284046562,1023.9330793432373,113
305,35.031506849315065,277.90224520547946,-1.2424657534246575,2.932191780821918,5.071303658261736,972.3385509039423,73
306,34.118085106382985,276.94388723404256,-1.3957446808510636,2.932978723404255,5.203212243062929,931.2939802648862,47
308,37.87519083969465,291.3651687022901,-1.1576335877862598,2.6942748091603055,5.101359682493995,1073.793184767856,131
311,35.18888888888889,271.11785555555554,-1.8083333333333336,2.9305555555555554,5.797902428485067,972.1810249955954,18
312,34.79404761904762,255.14874285714285,-1.6464285714285711,3.052380952380952,5.674698418367304,957.0316267847244,42
314,37.86935483870968,297.011276344086,-1.4602150537634406,2.778494623655914,5.452433912841781,1062.740828832699,93
316,38.48636363636364,276.3871348484849,-1.6651515151515148,2.8378787878787883,5.791937581366651,1105.8979901989287,66
317,40.491891891891896,306.65196756756757,-1.6972972972972975,2.7351351351351356,5.960840771290393,1170.288846573835,37
319,35.69310344827586,250.2998344827586,-1.6672413793103453,2.8103448275862073,5.695492554614178,987.773479142139,29
320,34.80131578947369,269.64433157894734,-1.648684210526316,2.6355263157894733,5.674698418367304,955.5490883946178,38
321,33.3953125,246.133525,-1.559375,2.8671875,5.510149569342273,898.5972930394618,32
322,31.878750000000004,242.6840975,-1.5124999999999997,2.69,4.704061552872555,866.1750865818586,40
323,31.15277777777778,232.54485000000003,-1.3861111111111117,2.6722222222222225,4.327432029653995,843.0549579682527,18
324,31.414,269.3044,-1.4420000000000002,2.352,4.967888895179643,857.4162054170799,25
325,33.251666666666665,276.84848333333326,-1.5000000000000004,2.458333333333334,5.238177246146771,905.5701596595902,30
326,35.75533333333334,274.0856466666667,-1.3886666666666667,2.678,5.207251072630368,996.9148543095251,75
327,33.903414634146344,264.55242048780485,-1.2046341463414636,2.7043902439024388,5.040542433745242,919.5695294754019,205
328,36.909701492537316,276.28157014925375,-1.2574626865671639,2.6940298507462686,5.091649894560846,1049.9435128510552,67
329,34.59068627450981,261.7669764705882,-1.275,2.5700980392156865,5.067264828694297,952.208979635272,102
330,35.4875,254.86474166666667,-1.7124999999999997,3.2458333333333336,5.695492554614178,1023.8123575355818,12
331,39.8625,274.5222075,-1.3775000000000006,3.2875,5.30369609938284,1138.8163665270324,40
332,34.239999999999995,204.67882,-1.1600000000000001,3.1900000000000004,5.952342937155853,916.1362192234988,5
334,35.72681159420291,245.06865217391305,-1.0884057971014491,3.1789855072463764,4.806768943963042,1005.7065360206287,69
335,38.1436170212766,249.12024255319147,-1.2191489361702128,3.319148936170214,5.148860864915133,1103.834921592671,47
336,38.678395061728395,273.61682098765425,-1.2543209876543209,3.071604938271605,5.1677486850142085,1105.4055999820862,81
337,36.02452830188679,260.023858490566,-1.2867924528301884,3.123584905660377,5.137142047747452,999.5498961306198,53
339,34.22166666666667,241.53838833333333,-1.2,3.0425,4.908951354723155,946.6835248074641,60
341,32.1,271.0359,-1.0,4.1,51.31584668525632,600.7099440334996,1
342,31.325000000000003,244.90378750000002,-0.9062500000000002,1.8375,3.757249739951709,909.2882618236888,8
343,30.603846153846156,279.5684307692308,-0.8538461538461538,1.6615384615384614,40.18941783118807,713.4088229666627,13
344,33.05853658536586,287.9703756097561,-1.0585365853658535,2.09390243902439,4.772332946065703,921.2215182042283,41
345,31.650000000000006,266.4522818181818,-1.0145454545454549,2.118181818181819,4.592107612753748,886.611124284914,55
346,33.42666666666666,283.16936,-0.8933333333333341,2.1399999999999997,4.805005227724763,923.4145368864404,15
347,30.881818181818183,273.5512606060606,-0.9901515151515152,1.9234848484848484,3.8106331108798104,890.7767580499449,66
348,37.517105263157895,319.17069736842103,-1.0894736842105264,2.285526315789473,5.0205057935511315,1078.8549673800094,38
354,33.3778350515464,277.980775257732,-1.1474226804123713,2.252061855670103,4.842515178478315,936.220027900513,97
355,33.23484848484849,291.9266434343435,-1.045959595959596,2.238383838383838,4.881295395871841,927.490499522739,99
357,36.71063829787234,327.2640191489362,-1.405851063829787,2.1781914893617023,5.400557768228011,1030.3449141557644,94
358,32.642857142857146,330.9420446428571,-1.3339285714285711,2.110714285714286,5.2816955547510815,887.5349556331399,56
359,30.679999999999993,285.0620085714286,-1.27,2.101428571428571,4.8698565110773435,828.3581999641333,35
360,31.726119402985084,307.17203358208957,-1.2999999999999998,1.9701492537313432,5.062339135144335,858.4797896610509,134
361,32.70460992907802,305.10069858156027,-1.356382978723404,2.1262411347517727,5.3455179649985975,881.7496087138459,141
362,32.0875,305.36554553571426,-1.4392857142857143,2.003125,5.337677076330936,865.1685928242962,112
363,30.98846153846154,256.12758461538465,-1.3192307692307692,1.9576923076923078,4.941981515198459,862.1092583329216,13
367,39.55,394.5023,-0.9499999999999993,1.8000000000000007,5.126429182495748,1281.6858433983498,1
368,36.329523809523806,336.87058952380954,-1.1861904761904765,2.1152380952380954,5.140573539126853,1024.2147430254995,105
371,38.63767123287671,360.16714931506857,-1.275342465753425,2.106849315068493,5.43603736100072,1104.7436385196183,73
374,30.948717948717956,353.69368974358974,-1.3282051282051286,1.5948717948717948,3.9591791958519678,919.0270352979387,39
375,32.103846153846156,352.3179956043956,-1.323076923076923,1.7181318681318685,5.262080449198194,872.1575666252256,91
376,31.20547945205479,307.28136027397255,-1.2643835616438355,1.8321917808219181,4.9965007456586195,840.2149865766067,73
377,33.01818181818182,318.6717454545455,-0.9909090909090906,1.7840909090909087,4.93182165230637,920.9100621995706,22
378,31.52894736842105,301.33939999999996,-1.036842105263158,1.7131578947368424,4.718751847335024,870.5215170859506,19
380,33.61466666666667,326.0202519999999,-1.084666666666667,1.9759999999999998,4.945035836331272,929.2211638640598,75
381,34.635714285714286,358.2775285714286,-1.0428571428571425,1.9785714285714289,4.943695056723789,981.3826801248305,7
382,35.959259259259255,322.1386370370371,-1.0296296296296295,2.159259259259259,4.943695056723789,1017.318814302567,27
384,33.699999999999996,340.3935,-0.9000000000000004,1.1000000000000005,4.6915445359872034,1122.1045516612135,1
385,33.35833333333334,409.5872,-1.041666666666667,1.2833333333333334,4.725523645291544,1362.7919391092607,6
386,32.1,407.9065333333333,-1.3666666666666663,1.4500000000000002,4.970253987415744,1094.9316699204676,6
388,31.025,433.4069909090909,-1.2886363636363638,1.5227272727272727,4.150615284861942,1159.056528752109,22
389,38.0875,441.83521499999995,-1.5,1.7275000000000003,5.734031191724458,1130.3504246184034,20
391,35.10652173913044,440.09914347826094,-1.506521739130435,1.9260869565217387,5.810403933729998,980.3383122538364,23
392,35.97916666666667,394.68677499999995,-1.6791666666666663,1.7333333333333336,5.8796119607041675,1017.3498450679646,12
393,36.98970588235294,412.91955588235294,-1.479411764705882,1.6867647058823532,5.434536877532351,1070.9056543298705,34
394,33.346,389.71123000000006,-1.398,1.605,5.3455179649985975,894.5007526530749,50
395,33.587500000000006,377.65481111111114,-1.3319444444444446,1.7319444444444447,5.2816955547510815,918.5264983873825,72
396,32.87564102564103,403.48891794871804,-1.3820512820512822,1.9243589743589742,5.379497074302938,899.6683320657903,39
397,38.31071428571429,398.0217285714286,-1.5178571428571428,1.8880952380952383,5.8080528315949564,1098.4417261864753,42
398,36.53291139240506,383.71480759493676,-1.4455696202531652,1.7879746835443044,5.389511822600352,1017.8287743299616,79
400,36.109615384615395,468.920823076923,-1.4769230769230772,1.886538461538461,5.651844531171677,1097.4443014455187,26
402,36.30909090909091,492.77014242424235,-1.4757575757575758,1.690909090909091,5.818369090761443,1142.0982513734562,33
404,32.357142857142854,433.34470476190484,-1.3095238095238095,1.7583333333333333,5.462910082527981,870.4802096668367,42
407,48.125,494.35765,-1.2750000000000008,1.7874999999999999,5.886681693455536,1706.168277210279,4
408,53.529999999999994,479.79746000000006,-1.3200000000000003,1.6600000000000001,4.135343428739071,1613.6881684955777,5
409,51.5,468.4715,-1.2999999999999998,1.3875000000000002,4.081342011349691,1786.004316248746,4
410,52.95,477.54702,-1.51125,1.49375,3.913448794754285,1555.8866220941416,40
411,38.537499999999994,484.58117500000003,-1.0124999999999997,1.4,5.11863399362551,2058.586898485563,4
412,36.26875,456.8196625,-1.0812499999999996,1.3249999999999997,4.949222934510738,1775.0943547878555,8
413,33.58676470588236,499.5225794117647,-1.375,1.476470588235294,5.535562435567475,1140.8965464795722,34
414,40.92857142857143,498.3279571428572,-1.278571428571429,1.6214285714285714,5.886681693455536,1720.4524065185237,7
418,49.93214285714284,617.6483857142857,-1.8892857142857142,1.8392857142857142,6.062371426476332,1607.1597816751698,14
419,45.26666666666667,592.9012333333333,-1.7666666666666675,2.0500000000000003,6.842452057074956,1457.2513287377867,3
421,45.01428571428572,569.2139964285715,-1.8696428571428572,1.8482142857142858,6.842452057074956,1448.620232508591,28
422,43.269999999999996,556.386,-1.7633333333333334,1.6899999999999997,6.842452057074956,1472.4023280235313,15
423,43.520833333333336,585.4612583333334,-1.6666666666666667,1.6833333333333333,6.648459482046082,1428.819398982784,12
424,47.862500000000004,548.650875,-1.9625,1.6375000000000002,6.842452057074956,1592.0408122311812,4
427,39.730000000000004,552.9918999999999,-1.61,1.72,6.623560508349602,1356.5862974188205,10
429,37.32333333333334,545.3838733333333,-1.5133333333333334,1.5200000000000002,6.352088334686037,1528.2464212636596,15
430,52.800000000000004,571.6115368421054,-1.4578947368421051,1.2421052631578944,4.07260275737296,1598.6482565040305,19
431,56.5875,557.93545,-1.4500000000000002,1.5625,4.314938814035047,1655.4456801628885,4
432,46.65714285714285,562.1341714285714,-1.4785714285714289,1.4714285714285713,5.874909407241569,1648.474839493695,7
433,42.02499999999999,502.84285,-2.0,1.4749999999999992,6.323325160127201,1642.0872778015369,2
434,44.75,483.2899,-1.8000000000000007,1.15,6.159464609992425,1606.520950167633,1
435,53.511111111111106,467.0299611111111,-1.56111111111111,1.6027777777777779,4.135343428739071,1541.3562378940837,18
436,55.0225806451613,474.76899032258063,-1.682258064516129,1.7516129032258063,4.139256667689669,1602.0925193621015,31
437,55.54565217391305,517.5730869565217,-1.7760869565217399,1.6391304347826088,4.207090581672163,1629.3562824613182,23
438,54.091304347826096,511.2853434782609,-1.5913043478260867,1.565217391304348,4.186326491708691,1569.7460538659052,23
439,40.08,524.01906,-1.4099999999999997,1.7100000000000002,6.135509269127508,1360.7429586436015,5
440,39.34782608695652,513.0604608695652,-1.5826086956521739,1.6891304347826084,6.3863480194963405,1382.1174605520641,23
442,38.357142857142854,498.87255714285726,-1.5392857142857146,1.8964285714285716,6.220613217295827,1302.9245471717384,14
444,46.900000000000006,532.7257,-1.3999999999999997,1.5833333333333328,6.123735052242282,1503.9698917220849,3
445,49.40909090909091,541.0879636363635,-1.4363636363636367,1.7772727272727273,5.758527182426427,1528.23778007173,11
446,46.98333333333334,498.6207666666666,-1.333333333333333,2.083333333333334,5.892968308090936,1556.2583332119427,6
447,50.025000000000006,528.0936666666666,-1.504166666666667,2.041666666666667,5.7477185059733085,1538.901800448121,12
448,38.625,456.18635000000006,-1.53,2.3150000000000004,5.940221115497667,1270.9774677288895,10
449,39.025000000000006,492.75895,-1.5250000000000012,2.5250000000000004,6.15324174330015,1318.5326562767925,2
450,42.65,461.95385,-1.3249999999999997,2.45,5.6252020478334375,1337.0223709006939,4
451,42.8,449.34895,-1.3250000000000002,2.675,5.581824793841168,1274.3440494824342,2
452,45.27272727272727,468.04109090909094,-1.5681818181818181,2.395454545454545,6.070050135306341,1372.3973971246426,11
455,43.741304347826095,476.34988695652163,-1.7065217391304348,2.1086956521739135,6.317654598007476,1418.5413767125617,23
462,42.800000000000004,541.5799,-1.7500000000000018,2.6999999999999997,6.792762809923398,1405.3473499381519,1
464,48.23571428571429,528.0790000000001,-1.8875,2.0678571428571426,6.842452057074956,1578.2730422031289,28
465,46.025,510.75424444444434,-1.9500000000000002,2.1833333333333336,6.673428064307238,1503.8649506429128,18
466,47.470000000000006,559.3374,-1.9700000000000002,2.2500000000000004,6.792762809923398,1538.1649886055704,5
467,49.506451612903234,554.2740096774194,-1.9758064516129032,2.003225806451613,6.115500109441617,1620.1912475126624,31
468,47.796875,513.0036375,-1.7812500000000002,1.8874999999999997,6.772764001895622,1503.9285837040848,16
469,49.979166666666664,530.1637166666667,-1.6583333333333339,1.9375,5.865696155568904,1562.6626696537994,12
470,45.37045454545456,541.8928818181819,-1.8090909090909084,1.9068181818181815,6.842452057074956,1443.5590410232533,22
471,43.4875,533.801715625,-1.6796874999999996,1.8687500000000001,6.648459482046082,1404.243996994506,32
472,41.034615384615385,484.8223769230769,-1.8307692307692305,1.9576923076923076,6.420064471878364,1380.9324279044438,13
473,46.122727272727275,505.22410909090905,-1.9727272727272729,1.968181818181818,6.58392502201314,1469.7412082832777,11
474,45.11944444444444,453.2021611111111,-1.9083333333333334,2.144444444444444,6.32247075491493,1420.0746763522125,18
475,42.489583333333336,452.84347499999996,-1.7875000000000003,1.9958333333333333,6.32247075491493,1309.375658621836,24
476,43.416666666666664,466.1554833333333,-1.9666666666666666,2.016666666666667,6.420064471878364,1418.1495958537605,6
477,46.13235294117647,506.6116882352941,-1.9411764705882353,2.36764705882353,6.62373881715568,1487.89303732272,17
479,49.707142857142856,514.1038285714286,-1.5428571428571425,2.292857142857143,5.579173619409593,1535.1693009997587,7
481,48.383333333333326,498.03661250000005,-1.7854166666666664,2.1062499999999997,6.58392502201314,1524.3144974521829,24
485,68.4375,527.8067,-1.5749999999999997,2.225,4.7492965658745945,1998.0076524945598,4
486,66.1,500.13745,-1.3875000000000006,1.9874999999999998,4.657859065793334,1987.0205080453543,4
487,59.8125,485.07304999999997,-1.462499999999999,2.0625,4.178209285557439,1767.9619371954407,4
488,61.80714285714286,524.7850571428572,-1.6214285714285708,2.0785714285714287,4.385925003277078,1809.5484420339355,7
490,58.3375,502.69939999999997,-2.0541666666666667,1.9833333333333332,4.300234165212114,1735.704754821807,12
491,59.7686507936508,511.90980873015866,-1.8900793650793652,1.8416666666666668,4.326735539072858,1767.8647298733893,126
492,57.81916666666667,483.0214408333333,-1.8441666666666667,1.8237500000000002,4.220412727251334,1712.616059375918,120
493,59.654854368932035,487.3683922330096,-1.908252427184466,1.9213592233009704,4.308913924954663,1768.6185189872763,103
495,63.25897435897434,557.2260153846155,-2.132051282051282,1.971794871794872,4.568031389167643,1853.5076174875153,39
496,63.19878048780487,523.8655341463415,-2.1707317073170733,2.010975609756098,4.578620926649441,1860.382699505717,41
497,66.064375,527.9911737499999,-2.046875,2.09125,4.805581199837235,1971.6350249885531,80
499,60.83731343283583,541.4697343283583,-1.937313432835821,1.8298507462686568,4.47041062050563,1784.4551050672937,67
500,67.79166666666667,581.7105499999999,-1.916666666666666,1.791666666666667,4.808328558304542,1989.5778308524445,6
502,67.0,515.5093,-2.0,1.6500000000000004,4.8327556519536845,1967.6735900421838,1
503,49.6,586.46556,-1.9925000000000002,1.9124999999999996,6.1233027499493335,1617.1952971093617,20
506,49.31666666666666,528.3805666666666,-2.283333333333332,1.5833333333333328,6.540190058981534,1618.4191022958894,3
508,49.050000000000004,511.3281,-2.3500000000000014,2.0,6.445012642269813,1606.0118377781105,1
510,63.52352941176471,474.55150000000003,-1.7176470588235293,2.0823529411764703,4.5471678466274525,1867.8698487098372,17
511,63.20357142857143,487.0494357142857,-1.7249999999999999,2.2910714285714286,4.3404088061714665,1825.20792152572,28
512,62.205555555555556,489.73925555555553,-2.0814814814814815,1.9740740740740743,4.417347580109193,1831.3101888636122,27
513,61.7109090909091,475.94051636363645,-1.9836363636363636,2.101363636363637,4.481634108018834,1815.341597626,110
514,63.347191011235964,501.9488932584269,-2.0258426966292133,2.1477528089887636,4.640114508397333,1868.594045291031,89
515,61.064285714285724,497.98538928571423,-1.857738095238095,2.051190476190476,4.356578053611637,1789.6933654026693,84
516,61.552542372881355,518.168845762712,-1.9245762711864405,1.996610169491525,4.460964794333111,1806.2410984708688,59
517,67.75833333333333,504.48255,-2.002777777777777,2.1416666666666666,4.792165512125481,2028.052022397257,18
518,68.77666666666667,522.92052,-1.8100000000000003,2.0766666666666667,4.85811639835037,2030.3016255574535,15
519,60.68833333333334,524.7405366666667,-2.136666666666667,2.173333333333333,4.498312717120793,1773.2896857656772,30
520,54.73870967741935,529.623570967742,-2.014516129032258,2.2241935483870967,4.3886911300051725,1598.2070865942005,31
521,53.78928571428571,516.9498142857143,-2.1178571428571424,2.357142857142857,4.372831421723978,1531.3855042290784,14
523,58.11016949152541,526.8375050847458,-2.113135593220339,2.3411016949152548,4.453448284673136,1678.869304294438,118
524,62.51830601092897,463.1704901639344,-1.980601092896175,2.249726775956284,4.45712817816225,1826.7281815570548,183
525,61.253947368421045,463.4230684210526,-1.9434210526315787,2.4256578947368417,4.347702638585115,1763.3743524544327,76
526,62.725728155339816,493.94931359223295,-1.971359223300971,2.289320388349515,4.456719800788597,1801.2655491946628,103
527,55.091549295774655,495.1543732394366,-1.9922535211267605,2.327464788732395,4.263664002853812,1597.8410524013104,71
533,50.30769230769231,391.41850000000005,-1.4942307692307695,1.6980769230769235,4.152277115345527,1435.124221682095,26
534,50.83048780487804,383.17666097560976,-1.4256097560975616,1.818292682926829,3.9844234601249484,1426.7165943820737,41
535,49.875,399.05235000000005,-1.2000000000000002,1.5250000000000001,4.15632329923658,1699.6474503093227,2
536,52.54655172413793,379.3340465517241,-1.4879310344827585,2.013793103448276,3.8889138957715113,1483.4295146856084,58
537,51.900000000000006,387.00809999999996,-1.414705882352941,2.161764705882353,3.8889138957715113,1470.4059139813096,17
538,49.44090909090908,377.8001363636364,-1.35,2.0272727272727273,4.168375394346847,1386.5335110445733,11
539,49.90694444444444,349.03589444444447,-1.438888888888889,1.9250000000000003,4.087307659297596,1410.254764352849,36
540,49.927692307692304,369.01820307692304,-1.5600000000000007,1.9,4.087307659297596,1403.5194446931237,65
541,50.05,313.58507499999996,-1.649999999999999,2.0,4.160045537951228,1409.934791964585,4
542,50.376612903225805,348.00604032258065,-1.4991935483870968,2.0826612903225805,4.087307659297596,1407.536807484262,124
543,38.52986111111111,365.4529958333334,-1.5958333333333334,2.165277777777778,5.82091828701296,1110.0812746851047,72
544,37.38962264150944,361.80500943396225,-1.4698113207547174,2.165094339622642,5.48245138625524,1061.2412725987615,53
545,37.130337078651685,346.2189235955056,-1.659550561797753,2.025842696629214,5.877025033326596,1062.6343533013223,89
547,35.58294573643411,346.92928062015505,-1.4205426356589148,2.0112403100775196,5.369165586301242,987.5872994799282,129
549,37.94191919191919,381.12666262626266,-1.5464646464646463,2.0141414141414145,5.774073722290616,1072.4450048528083,99
550,35.93771186440678,368.48799322033904,-1.3902542372881352,1.8915254237288135,5.357391369416017,995.7698799851798,118
551,36.78082191780822,372.44439041095893,-1.436301369863014,2.0226027397260276,5.400557768228011,1029.5722206807282,73
554,43.60510204081633,408.87779387755097,-1.643877551020408,2.1612244897959183,6.023714991499417,1292.192985211846,49
556,43.005,406.719835,-1.5149999999999995,2.06375,5.824194982169461,1275.6840940712993,40
557,42.716071428571425,437.1964410714286,-1.5964285714285715,2.024107142857143,6.022145665494465,1269.8518404614485,56
558,37.37916666666667,424.9590166666666,-1.6125,1.9958333333333336,6.147655377709042,1074.7536412329323,12
559,40.31666666666667,417.76792380952367,-1.6392857142857142,1.8869047619047623,6.199266744797167,1178.4867547715887,42
560,54.043478260869556,371.2120086956521,-1.814492753623188,2.421014492753623,3.911989540161368,1490.4631832052178,69
561,53.41838235294118,366.9560161764706,-1.6235294117647063,2.3772058823529405,3.8653574555109635,1487.8495457573981,68
562,52.65625,355.30418,-1.6912500000000001,2.46375,3.8653574555109635,1466.515682545497,40
563,55.43333333333334,323.50500000000005,-1.6000000000000003,2.366666666666667,3.8653574555109635,1555.9193442555995,3
564,53.63333333333333,371.4741975308642,-1.7771604938271603,2.234567901234568,3.863111201727078,1519.1195305329827,81
565,51.86647727272727,354.4964625,-1.6130681818181822,2.211363636363636,3.847157676311572,1467.1621458688103,88
568,38.20909090909091,369.6838181818182,-1.8909090909090913,2.277272727272728,6.0471084945867775,1116.6442759835704,11
569,43.28928571428571,396.75100000000003,-1.957142857142857,2.1142857142857143,6.14691900161718,1316.17908766538,14
571,39.02790697674419,364.0332325581395,-1.7337209302325587,1.9930232558139536,5.994387867867446,1119.1492910190846,43
572,51.88472222222222,368.9509375,-1.6749999999999998,2.0347222222222223,3.892827134722111,1477.5088408495055,72
573,49.4975,369.071175,-1.6775000000000002,2.2224999999999997,4.216237950836813,1358.131507413267,20
574,56.98843283582089,453.72098507462687,-1.6996268656716422,1.9425373134328359,4.162745543322261,1678.3366548049692,134
575,57.902358490566044,451.3791952830188,-1.864150943396227,1.9221698113207548,4.274064838348408,1711.7669437568543,106
577,57.49030612244897,429.21125204081625,-1.7040816326530606,2.1071428571428577,4.182730467067322,1679.8732967547696,98
578,59.61666666666667,431.71349753086423,-1.882716049382716,2.177777777777778,4.276360418662522,1737.9424792187808,81
579,59.70322580645161,458.31895870967736,-1.8387096774193548,2.0803225806451615,4.217200339605542,1767.693702142554,155
580,52.71219512195122,438.04129268292684,-1.5646341463414632,1.8085365853658537,4.138390881694363,1520.239736141847,41
581,45.75,439.26503333333335,-1.6833333333333342,1.7999999999999998,6.220060881044041,1444.071308550627,3
582,53.93717948717949,429.10230512820505,-1.7423076923076923,1.8000000000000005,4.139864610248954,1552.3344788613192,78
583,55.2126582278481,426.2048379746836,-1.6487341772151907,1.9784810126582277,4.139864610248954,1614.6168479146331,79
584,52.62926829268293,402.087743902439,-1.5945121951219512,1.989024390243902,4.002494728933579,1506.0219073166286,82
585,53.10740740740741,395.2538277777778,-1.799074074074075,2.0444444444444447,3.9397710068812097,1528.744791722191,54
586,53.14259259259261,401.4754351851852,-1.7601851851851857,1.908333333333333,4.0064079678841775,1531.5015984975719,54
587,50.27307692307692,424.37565384615385,-2.2115384615384617,2.126923076923078,5.496135641915705,1577.4498713126195,13
588,59.14861111111111,443.92441388888886,-2.043055555555556,2.1000000000000005,4.3734740765415046,1767.5210766010332,36
589,60.129999999999995,464.53223333333324,-1.9933333333333336,1.9633333333333334,4.366758743852631,1774.966033609496,30
590,59.005,422.7513328571428,-1.7607142857142861,2.287857142857143,4.126314638098344,1695.2654416986588,70
591,59.36483050847457,430.2608118644067,-1.8838983050847462,2.352966101694916,4.23040794570282,1711.6264735084667,118
593,55.50194805194806,388.94769870129875,-1.8603896103896105,2.296753246753247,3.9625941983031487,1577.9781045856023,77
594,56.70520833333334,394.991653125,-1.7916666666666667,2.3958333333333335,3.932742750347361,1627.7255375411455,96
596,48.575609756097556,432.1745121951219,-1.602439024390244,2.297560975609756,6.149577497645609,1471.2564281324542,41
597,54.16363636363636,396.9990757575758,-1.5590909090909089,2.2621212121212118,3.8739517695554007,1521.6476670527486,33
598,53.85722891566266,392.29172891566265,-1.6771084337349396,2.165060240963855,3.9238174814657008,1545.111922348537,83
600,50.97037037037038,445.78724814814814,-2.0962962962962965,2.4055555555555554,5.082520098032333,1561.3133690807035,27
601,50.24772727272727,466.06232272727283,-2.0840909090909085,2.227272727272727,5.518851941246351,1594.6704920307518,22
602,39.48809523809524,431.2892809523809,-1.7928571428571427,2.1428571428571432,6.318365917465324,1205.2966469737185,21
603,39.211363636363636,429.5277136363636,-1.6795454545454547,2.2886363636363636,6.166266796442878,1175.205433531064,22
609,48.65483870967742,443.32718064516126,-1.6532258064516134,2.158064516129032,4.97601554018713,1544.075777283479,31
610,72.0,374.3345,-1.9499999999999993,1.2999999999999994,4.622558908277708,2088.4946584932286,1
611,972.175,143.01939905,-509.35,-1248.725,4.056019365873128,2809.6343008747804,2
612,87.55,430.6568,-3.6499999999999986,5.4,46.75731647955469,2564.2741836298405,1
613,91.35,471.2384,-3.5999999999999996,5.799999999999999,46.76417113140015,2693.7667414765438,1
614,87.0142857142857,519.0930999999999,-3.221428571428572,5.05,46.82704935234143,2559.3930488440506,7
615,85.4875,483.7818,-3.4,5.1499999999999995,46.76677618017719,2528.1314284930127,4
616,75.4,449.22595,-3.3999999999999995,4.949999999999999,46.741417263665724,2140.2892822202753,2
618,82.5,519.6903666666666,-3.4666666666666672,4.716666666666668,46.824690086223725,2356.497255394914,3
619,70.31666666666666,502.4739666666667,-3.3666666666666667,4.5,46.86614555509705,1910.7367493061877,3
620,69.85,453.16115,-2.55,4.75,51.16651426395854,1876.3213991289335,2
621,76.525,451.0706,-2.825000000000001,5.05,50.44783843856536,2201.2664658031667,2
622,69.98333333333333,416.55576666666667,-2.616666666666667,5.0,51.16651426395854,1903.2781487530833,3
623,70.6,413.6863,-3.0500000000000007,5.300000000000001,46.988550698051036,1937.0286796496775,1
624,80.0,436.8056,-3.2499999999999982,5.299999999999999,46.75731647955469,2313.2767305498805,1
625,86.25,489.6846,-2.5500000000000007,5.449999999999999,51.40498086255497,2541.8728156968396,1
626,49.3125,753.157575,-1.9000000000000004,1.4625,5.811336683558384,1701.4366891823124,4
627,49.17777777777778,639.4402666666667,-2.0,1.8333333333333333,6.115500109441617,1613.540653743112,9
628,48.68571428571429,667.6111857142857,-1.885714285714285,1.6714285714285715,6.054568785968615,1584.0777625287692,7
629,50.3,649.42855,-2.1750000000000007,1.5500000000000005,6.47081123718584,1654.5742276011763,2
631,63.775,638.4838,-1.7999999999999998,1.6250000000000004,4.628946262423696,1858.3823174686788,2
632,65.80000000000001,685.4601,-1.8999999999999986,1.4000000000000004,4.519087362645864,1918.4978306065802,1
633,79.35624999999999,746.8243875000001,-2.5250000000000004,1.99375,5.479691393239851,2383.7116279665743,8
634,72.05000000000001,774.7396,-2.75,1.9499999999999993,5.166459846241174,2137.032954154454,1
635,81.5,803.2697,-2.450000000000001,1.8499999999999992,5.504379125076472,2435.9562468530307,1
636,61.65,770.0665,-2.3000000000000007,2.0999999999999996,4.581482084736756,1778.1324350396537,1
638,68.70769230769231,687.5790153846154,-2.6038461538461535,1.9884615384615385,4.898691670790439,2047.8121963913509,13
639,66.40645161290323,666.1570258064517,-2.4725806451612904,1.9741935483870974,4.834238565472199,1943.2806916065458,31
641,64.5,683.8614,-2.1500000000000012,1.9499999999999997,4.683167047332948,1892.7183727384024,2
642,69.9,688.9033,-2.2500000000000018,1.6500000000000004,4.988883730590415,2074.0382842928734,1
644,81.35000000000001,679.3359499999999,-2.4150000000000005,2.315,5.504379125076472,2438.950560894314,10
645,72.4,684.4762499999999,-2.0749999999999993,2.2250000000000005,5.046787665408035,2153.445729492448,2
649,80.8,620.89844,-2.420000000000001,2.9,5.521813523220876,2401.759670547273,10
650,89.57894736842105,574.7570947368421,-2.2657894736842104,3.018421052631579,5.5192313604086225,2723.4390623693275,19
653,87.39642857142857,628.8390714285714,-2.375,2.750000000000001,5.635712111073675,2642.496773334069,14
655,81.85454545454546,634.6715818181817,-2.277272727272728,2.4840909090909093,5.442778475039754,2426.405542175309,22
656,85.44,629.53124,-2.119999999999999,2.7300000000000004,5.414043920330334,2593.3316057383126,5
657,80.83181818181819,577.3095515151515,-2.203030303030303,2.6499999999999995,5.384773145910847,2421.5001438467066,33
659,84.77352941176471,569.9146499999998,-2.266911764705883,2.8551470588235293,5.471051697750705,2569.6711169448026,68
661,85.90714285714286,562.4503857142856,-2.314285714285714,2.6,5.503986229399056,2615.9589513420915,7
663,83.22672413793104,589.5229741379311,-2.4258620689655177,2.716379310344828,5.639452634388659,2501.8738037740786,58
667,81.28303571428572,580.5803589285714,-2.538392857142857,2.8392857142857144,5.6157362509832724,2423.349128007922,56
669,83.09,560.7502199999999,-2.5733333333333333,3.0049999999999994,5.690420440191258,2471.4652312727603,90
670,89.34705882352941,548.4230294117648,-2.5029411764705882,2.888235294117647,5.748331491409565,2700.5430869349557,17
671,91.48125,545.8664071428572,-2.4785714285714286,3.142857142857143,5.72996739591628,2824.4881527088737,56
676,83.83706896551725,551.0743413793105,-2.375,3.103448275862069,5.620353394079516,2506.2408439818537,58
677,84.32798165137616,519.0969559633028,-2.6188073394495412,3.157339449541284,5.701740946774731,2515.535364025849,109
678,81.9877777777778,520.8654851851851,-2.708518518518518,3.1188888888888884,5.636039114199981,2421.725474480361,135
680,80.43377723970944,520.2442268765134,-2.5750605326876514,3.0502421307506054,5.574533150273519,2383.123826524944,413
684,86.73404255319151,510.64261489361695,-2.320212765957447,2.993617021276596,5.502031042124827,2658.4685741395733,47
692,79.75333333333334,562.6822866666666,-2.446666666666667,3.21,5.535394245565604,2326.3483895321533,15
693,78.875,586.6705333333334,-2.4583333333333335,3.0500000000000003,5.524212575115436,2306.4559151603135,6
694,77.43811475409836,540.7150106557377,-2.338524590163934,2.9639344262295078,5.419433459083803,2274.105253529209,122
696,81.8634328358209,551.9023820895522,-2.2731343283582093,2.9955223880597015,5.403940945592907,2424.525200405128,67
697,87.49666666666667,576.7177933333332,-2.3,3.203333333333334,5.557742918843119,2659.529995578111,15
699,86.01352201257862,514.2764245283018,-2.3644654088050316,3.2182389937106914,5.610781897571874,2638.994887713131,159
700,84.25429447852761,520.7767963190183,-2.3432515337423316,3.1144171779141105,5.555968501858704,2570.5785506154425,163
703,75.57868421052632,496.91550526315785,-2.4381578947368423,2.8397368421052636,5.348764198814586,2267.5180248467177,190
709,73.58594771241829,506.40806949891066,-2.4595860566448797,2.938235294117647,5.2477169445007,2133.0016657518945,459
710,71.491,523.470634,-2.5224999999999995,2.7685000000000004,5.184915043298316,2070.9496380072947,100
713,76.62579185520362,542.605949321267,-2.5742081447963807,2.7712669683257927,5.509203238809163,2257.677086073649,221
714,79.67460000000001,549.1059012,-2.4416,2.864,5.525006700604578,2366.548961224038,250
715,77.98802588996764,534.7704977346278,-2.4477346278317156,2.794660194174758,5.507097311753254,2331.0673777061193,309
717,73.2945945945946,518.3210594594595,-2.4959459459459463,2.5405405405405403,5.250498744278933,2176.246078527925,37
720,74.985,553.73731,-2.546538461538461,2.6419230769230775,5.40746770249843,2211.9268303507392,130
721,77.09285714285713,535.4718180451127,-2.4436090225563905,2.6567669172932327,5.489618624383309,2303.408854928915,133
723,77.82857142857142,560.3993553571428,-2.248214285714286,2.7803571428571425,5.3853425987296335,2299.705571896324,56
724,81.37833333333334,536.99701,-2.1283333333333334,2.666666666666667,5.334932374107266,2458.966989231043,30
725,78.14956896551723,529.0216112068965,-2.2142241379310343,2.749137931034483,5.3853425987296335,2336.3990728219237,116
728,78.37635135135136,536.9267756756756,-2.111486486486486,2.9175675675675676,5.327467995632914,2320.2603230940276,74
730,75.82989323843415,510.1876580071175,-2.3088967971530248,2.7882562277580076,5.3564516390988475,2277.3502796454727,281
734,74.80354609929077,522.2597765957446,-2.1684397163120566,2.8879432624113477,5.2305359251309715,2196.9232153209537,141
735,75.23136882129279,526.5115041825095,-2.283269961977186,2.8207224334600762,5.299558749256773,2224.392906000516,263
736,78.44909090909091,496.91550545454544,-1.9363636363636358,2.8163636363636364,5.159031967393132,2362.4792701561637,55
737,80.05277777777776,497.1143152777778,-1.9854166666666673,2.967361111111111,5.149805697130787,2442.378197102011,72
738,78.14904761904762,525.3050609523809,-1.9966666666666668,2.979047619047619,5.246320139505687,2303.9638589247597,105
740,78.59302325581395,498.593683255814,-2.095813953488372,3.037441860465116,5.16981946914225,2376.023346416459,215
741,74.37417218543047,471.30195165562907,-2.3559602649006623,2.8483443708609273,5.180202419171318,2225.680672978176,151
744,80.84,485.4925400000001,-2.2722222222222217,2.868888888888889,5.214513891904934,2479.7449768842253,45
748,76.68955223880596,477.6918358208955,-2.123134328358209,2.745522388059702,5.158472007548705,2309.4576748908657,67
749,76.81088082901555,496.3953202072539,-2.1305699481865283,2.873575129533678,5.231331904631444,2303.409239722589,193
750,58.14635416666666,401.84748125000004,-1.9463541666666664,2.328125,4.15693742784513,1682.86498288272,96
751,57.78306451612904,422.0644822580646,-2.052419354838709,2.2991935483870973,4.300635374241853,1681.320205290442,62
752,62.13217821782179,447.0842772277228,-2.0450495049504958,2.44059405940594,4.442396967748006,1807.6513311451133,101
754,60.61176470588235,418.95013725490185,-2.0073529411764706,2.4833333333333334,4.349168376842232,1766.0225924044832,102
755,60.9376811594203,403.8590753623188,-2.105072463768116,2.5188405797101447,4.354647356683589,1765.691865095183,69
756,68.82857142857144,433.04605714285714,-2.2500000000000004,2.107142857142857,4.778752538020308,2083.503110251132,7
757,76.325,406.92275,-2.4250000000000016,2.375,5.252288565838269,2334.8477400447196,2
758,71.48699186991871,446.3555756097561,-2.052845528455285,2.8081300813008134,4.8599552151284815,2137.8365253357356,123
760,68.46041666666666,428.20075972222224,-2.3055555555555554,2.747916666666667,4.7430331507740595,2051.101248290411,72
761,66.69239130434782,424.82489782608695,-2.18179347826087,2.8369565217391304,4.687902500710547,1979.6323531564692,184
762,65.41442307692309,449.8550365384615,-2.3115384615384618,2.5836538461538465,4.729178636868493,1919.9949562207357,52
763,67.42142857142858,438.3901757142857,-2.173571428571429,2.533571428571428,4.707103528341369,2017.5175139496723,70
764,63.9172131147541,433.253413114754,-2.1942622950819675,2.6065573770491803,4.630613284776732,1866.5936513537295,61
767,70.6275,435.50202,-2.3299999999999996,2.57,4.861251876300486,2144.1019980502183,20
769,68.912987012987,462.598264935065,-2.3350649350649353,2.5999999999999996,4.8429369860634015,2039.7099504521511,77
772,61.13157894736842,445.68992280701764,-2.266666666666667,2.803508771929825,4.508035595822685,1690.4275950866581,57
773,67.30477528089888,467.45315561797753,-2.251544943820225,2.8580056179775286,4.738537301803046,1917.6218160021767,356
774,70.35560897435897,461.03784487179485,-2.207532051282051,2.8051282051282054,4.8586417883011475,2077.0629401976917,312
779,69.42460317460319,479.22982539682533,-2.18015873015873,2.3928571428571432,4.84301916191395,2068.5679316972855,63
780,65.35261780104712,476.6106790575916,-2.0947643979057586,2.419371727748691,4.616426791566931,1924.029717078778,191
781,64.86636363636363,478.3217636363637,-2.246363636363636,2.4145454545454546,4.686810371477847,1913.1226310710595,55
782,63.673134328358216,453.5337611940298,-2.2320895522388056,2.4029850746268657,4.685251518784538,1861.85746111844,67
788,58.63237704918033,506.23779016393433,-2.2438524590163937,2.6721311475409837,4.4173608797642325,1599.224713840155,122
789,59.15909090909091,524.8553227272728,-2.2886363636363636,2.840909090909091,4.545239073199362,1610.4980770960822,22
790,58.43552631578947,542.7578342105264,-2.286842105263158,2.719736842105263,4.563850390160197,1610.209078728181,38
792,61.2760989010989,521.0012208791209,-2.2326923076923078,2.543681318681319,4.561297920035845,1688.1792287121716,182
796,51.66538461538461,497.13876153846155,-2.146153846153846,2.615384615384615,5.282942876050088,1547.9095075272571,13
798,62.492753623188406,492.6253057971014,-1.9869565217391303,2.4905797101449276,4.44391154481389,1759.2511023754348,69
801,57.47658227848102,507.9190835443038,-2.160126582278481,2.534177215189874,4.349814512803732,1603.8767730995128,79
802,65.47444444444444,505.92271111111114,-2.563333333333333,2.7366666666666664,4.841408694586241,1761.2134985339897,45
803,66.39398734177215,526.696832278481,-2.42120253164557,2.7829113924050635,4.889122469442885,1824.1826280082375,158
806,62.95877192982456,515.0432438596491,-2.447368421052632,2.6289473684210525,4.717730200692206,1708.5927611829793,57
807,67.30868055555555,502.69599791666667,-2.3944444444444444,2.911111111111111,4.831428007765782,1879.8527396945617,144
810,63.08947368421054,459.66587368421057,-2.4342105263157894,2.965789473684211,4.664425717977374,1724.0077645860888,19
811,68.365,482.7201536666666,-2.326333333333334,2.7784999999999997,4.7608446384508225,1969.2470880312305,300
813,60.88424657534248,481.2482205479452,-2.254109589041096,2.8232876712328765,4.487141848705006,1642.1965953845136,73
814,63.25764705882354,501.1429423529412,-2.358235294117647,2.7858823529411763,4.647083111856014,1714.2886188122736,85
815,59.875,543.5474571428571,-2.4374999999999996,2.412499999999999,4.6291476678253565,1669.8019749461466,28
817,62.94393939393938,499.2095363636364,-2.4848484848484853,2.477272727272727,4.693035289538875,1735.5201638957242,33
818,60.91631578947368,515.5222042105264,-2.370526315789474,2.449473684210526,4.595961825248821,1698.2133677650077,95
819,56.42499999999999,563.0594166666666,-2.4499999999999997,2.7750000000000004,4.612372016407615,1567.2905702215712,6
820,55.41666666666666,550.782475,-2.3833333333333333,2.6041666666666665,4.572330795531087,1550.2812038027976,12
823,66.84342857142856,556.3227514285715,-2.472857142857143,2.565428571428572,4.910336811384301,1879.9378674505988,175
825,67.29269230769232,500.5650161538461,-2.1873076923076926,2.4542307692307688,4.753970624414824,1963.1219566211448,130
826,69.42345132743363,518.6717672566372,-2.277433628318584,2.4380530973451324,4.992998383800851,2047.963140340207,113
828,66.21707317073168,498.75171707317065,-2.0506097560975607,2.3091463414634155,4.66056884226134,1950.2400832418318,82
829,67.56603773584905,523.2148849056604,-2.103301886792453,2.266509433962264,4.830607690529085,2004.548497145595,106
830,67.05333333333333,513.3940933333333,-2.4066666666666667,2.1600000000000006,4.893930433320233,1984.172920833443,15
832,63.389655172413796,476.92917931034486,-2.175862068965517,2.0948275862068964,4.63028835676661,1869.0122454461305,29
833,64.99499999999998,482.6855985714285,-2.200714285714286,2.2250000000000005,4.686810371477847,1930.542822710089,70
834,71.46195652173914,514.5147739130434,-2.4717391304347833,2.3293478260869565,5.150100721049868,2124.81627926091,46
836,66.48214285714286,543.556225,-2.3392857142857144,2.0446428571428568,4.820297021452584,1973.158888024713,28
837,68.47522522522522,539.3995576576576,-2.2355855855855853,2.240990990990991,4.865384759859346,2038.9218060152227,111
838,68.38777777777779,509.0872622222223,-2.2466666666666666,2.2688888888888887,4.809925680369743,2038.4020617909841,45
839,65.56864406779661,515.3800338983051,-2.2262711864406777,2.1271186440677967,4.77149031361795,1955.5353824245879,59
841,67.55066666666666,492.43596,-2.340666666666666,2.5620000000000003,4.796757258011655,1973.1405200167317,75
842,70.12575757575758,492.3155121212121,-2.5772727272727276,2.5166666666666666,5.011125186007093,2079.863834758681,33
843,68.18586956521739,493.7267304347826,-2.358695652173913,2.3336956521739127,4.838883348393572,2031.783433278427,46
844,71.43533333333333,503.35280799999987,-2.372666666666666,2.468666666666666,5.057129503250452,2123.4148592398524,75
854,70.76267605633804,516.2032258215963,-2.301643192488263,2.605633802816902,5.005802135974444,2086.7481412276793,213
859,73.32999999999998,498.42071599999997,-2.1210000000000004,2.496,5.023404365401603,2193.6551408098453,50
864,63.559375,619.25365,-2.3796875,2.090625,4.76967175004912,1864.796857360748,32
867,62.04113924050632,591.5230911392406,-2.354430379746836,2.1607594936708856,4.632942391367416,1762.142991818665,79
868,67.50238095238095,574.3262142857143,-2.3357142857142854,2.0214285714285714,4.86587345438787,2001.7419234744343,21
870,69.16206896551725,604.797248275862,-2.3120689655172413,2.148275862068966,4.947895808572988,2049.9811768984273,29
872,66.4625,583.4772875,-2.2625,2.255,4.802285666444574,1941.8842981979317,40
874,73.55434782608695,578.0658695652173,-2.030434782608695,2.182608695652174,5.154584452411633,2195.1911007594517,23
878,75.07777777777777,618.1793444444444,-2.1222222222222222,2.005555555555555,5.243671411622351,2250.7833760273443,9
883,63.912499999999994,598.886,-2.19375,1.85,4.681991828286462,1874.5337807221206,8
884,60.030701754385966,555.9916175438597,-2.153508771929824,2.185087719298245,4.486668927856786,1740.105015483518,57
886,56.25555555555556,571.9135814814815,-2.1277777777777773,2.1296296296296298,4.451419097708024,1659.6883621124964,27
887,57.400000000000006,597.5115794117647,-2.2161764705882354,2.176470588235294,4.550195506076268,1671.5600024972853,34
889,64.39868421052631,569.5177296052632,-2.3266447368421055,2.3470394736842106,4.756525198005709,1843.748498632828,152
890,57.998076923076916,562.8639038461539,-2.2711538461538465,2.5269230769230764,4.550195506076268,1603.328797244599,26
894,68.12087912087912,577.0478780219781,-2.598901098901099,2.463186813186813,4.950796080312145,1964.6700188023458,91
895,68.28921568627452,574.107824509804,-2.451470588235294,2.400490196078431,4.938859106567798,1990.2429946469501,102
896,65.971875,552.9857419642857,-2.4334821428571436,2.3839285714285716,4.881237828193662,1895.8285737281244,112
898,61.7313953488372,575.5379953488372,-2.358139534883721,2.637209302325582,4.640827032616639,1663.7118946774847,43
899,60.96764705882353,564.5688764705883,-2.5617647058823527,2.5676470588235287,4.687696765662331,1662.681690962082,17
900,63.88965517241379,605.7980103448276,-2.462068965517241,2.6534482758620688,4.813586494907413,1727.3078828170383,29
904,63.66521739130435,598.3335014492754,-2.4130434782608687,2.3304347826086955,4.8174660047467865,1802.0872307292555,69
913,65.258,551.82118,-2.5020000000000007,2.932,4.884049946198901,1742.937021958946,25
916,68.72083333333333,546.9409726190477,-2.522619047619048,2.8005952380952377,4.9611300823833915,1933.7990745801162,84
917,68.31,585.94906,-2.5899999999999994,3.0300000000000002,4.9611300823833915,1875.2510810427248,5
919,72.1059829059829,563.2044555555556,-2.4688034188034185,2.734188034188034,5.2076780865783965,2109.9516905914456,117
922,62.0,654.96235,-2.175,2.675,4.508279519382952,1705.0315998726583,2
924,66.76029411764706,592.3466500000001,-2.201470588235294,2.576470588235294,4.813566788006999,1903.4553645455198,34
925,65.78,541.57986,-1.7399999999999995,2.45,4.682480598163296,1900.8624986277391,5
927,57.9,585.3588,-1.75,2.8,4.291587239975157,1624.4756994808313,1
928,71.76578947368422,501.0824026315789,-1.8539473684210528,2.56578947368421,4.903222168403946,2110.336017324411,38
929,69.014,524.353596,-1.8200000000000003,2.602,4.856490393591636,1992.098634976099,25
930,66.11938775510205,492.87190612244893,-1.8142857142857145,2.4683673469387752,4.616322297761571,1904.4518228023217,49
931,67.39999999999999,508.5424891304347,-1.9228260869565215,2.366304347826087,4.695724891035591,1956.9536844342344,46
932,69.42905405405405,521.7443999999999,-2.1189189189189186,2.4658783783783784,4.955135778929879,2047.2022033249714,148
933,72.13369565217391,534.3403999999999,-2.0043478260869567,2.460869565217391,5.037933947250405,2124.4545897820503,46
935,71.06923076923077,523.3039461538461,-1.8384615384615381,2.326923076923077,4.969367658869918,2089.216052473877,13
937,64.9798076923077,524.9073557692307,-1.9442307692307692,2.238461538461539,4.617114371525,1906.090240634857,52
938,65.52692307692308,542.8616365384615,-2.0740384615384615,2.233653846153846,4.734986171573279,1940.1764326267553,52
939,67.74677419354839,545.3405032258063,-2.0129032258064514,2.3693548387096772,4.816484130050952,1992.0973856382057,31
942,76.52916666666665,621.2263833333333,-2.087499999999999,2.3875000000000006,5.2371046877329945,2276.5396084330378,12
943,73.27666666666667,571.9463666666667,-1.9733333333333334,2.4216666666666664,5.054845068817057,2150.3326962800734,30
944,77.58541666666667,593.1471791666667,-2.079166666666667,2.5437499999999997,5.255009294640852,2297.6559258041434,24
946,77.00714285714287,575.0289428571429,-1.9571428571428566,3.028571428571429,5.233399444566664,2227.0804002597597,7
947,68.54666666666667,534.0620033333335,-2.04,2.7066666666666666,4.822601370606557,1966.5056114010176,30
948,64.9,564.94505,-1.9249999999999998,2.875,4.613094582783982,1823.6328735786756,2
952,75.65862068965518,529.4520413793105,-1.9568965517241375,2.7655172413793094,5.225869897595467,2228.381097992321,29
953,75.75999999999999,576.1111,-1.7100000000000002,2.5900000000000003,5.220032540959278,2201.3598283977644,5
954,76.45,542.56365,-1.7250000000000005,2.8000000000000003,5.220032540959278,2211.0905550480347,2
955,71.99285714285715,481.81424285714286,-2.785714285714285,4.578571428571429,51.29603903645194,1971.240019902762,7
957,81.2,490.6684,-2.6999999999999993,4.699999999999999,51.349679636625176,2360.241072119835,1
958,78.60000000000001,576.50465,-2.95,4.3500000000000005,50.933656950614534,2185.7498691086125,2
959,80.42500000000001,548.7738750000001,-3.0874999999999995,4.6,51.152895317362756,2253.719125559343,4
960,70.075,524.4864,-2.874999999999999,4.1,47.13537169578555,1889.7622542719555,2
962,62.7,460.4167,-2.9499999999999993,4.200000000000001,47.05479791937086,1581.7523438595888,1
964,95.28333333333335,477.1412,-2.966666666666667,3.633333333333333,3.449441615132259,2904.2073588354515,3
965,88.80000000000001,418.35940000000005,-2.95,3.3000000000000003,3.398723371389705,2683.4981395334084,2
967,86.8046875,475.819221875,-2.8218749999999995,3.5671875,5.339363631592094,2615.3893003628814,32
968,87.7982142857143,492.63599285714275,-2.753571428571429,3.464285714285715,5.543403937954339,2651.731731157487,28
969,84.11999999999999,462.77777,-2.6100000000000008,3.599999999999999,5.381966722994735,2524.167120952461,10
970,88.43999999999998,458.15394,-2.47,3.69,5.502035650819904,2710.103856792897,5
972,95.97777777777777,475.5835333333333,-2.7611111111111106,3.8388888888888886,5.499249738330766,2921.812557371045,9
973,81.75,478.371,-2.8499999999999996,4.0,50.38489725475775,2388.561008351158,1
974,97.34375,516.0319125,-2.8375000000000012,3.7687500000000003,5.757196964900563,2950.232132222175,8
975,99.17,519.10012,-2.4099999999999993,3.716666666666667,5.694481832632735,2986.198251128919,15
977,93.74166666666667,511.02068750000007,-2.5666666666666664,3.6166666666666667,5.534278372876349,2965.535310428479,24
980,73.71,486.68403130434774,-2.6521739130434776,3.0873913043478263,5.203496807398904,2118.4841078694403,115
981,78.5840909090909,502.2540962121213,-2.66780303030303,3.08219696969697,5.443681415160494,2332.551955022601,132
982,77.39496527777777,493.73166284722214,-2.571701388888889,3.1119791666666665,5.4248163317776905,2260.2209227461635,288
985,77.09166666666667,442.5033833333334,-2.558333333333333,2.9583333333333335,5.138595254692465,2321.4918772348333,6
986,80.9,485.537904,-2.476,3.0150000000000006,5.413310304268717,2469.0946935965235,50
988,80.5209090909091,460.4613909090908,-2.5290909090909084,3.4581818181818176,5.393740237836491,2424.435999410095,55
989,76.94233870967743,446.66732661290325,-2.4008064516129037,3.3221774193548397,5.281744654245795,2323.9338326249667,124
996,75.54473684210525,521.0237000000001,-2.2578947368421054,3.3973684210526316,5.340590040613577,2216.2657669328128,19
997,78.06111111111112,481.9964111111111,-2.466666666666667,3.444444444444445,5.3636092199874135,2317.300334317634,27
999,73.57560975609756,465.9715097560975,-2.421341463414634,3.326829268292683,5.146780524827495,2110.5030989367824,82
1000,74.88139534883722,468.8161124031008,-2.4610465116279068,3.197480620155039,5.224614177428374,2198.7333780576414,258
1001,75.62972972972975,466.6784027027027,-2.5851351351351353,3.2891891891891887,5.307162330497935,2221.611223546344,37
1003,76.76517857142858,506.1258633928572,-2.4388392857142853,3.1758928571428577,5.402466599235799,2250.01091344467,112
1005,80.8134375,475.40111687499996,-2.4706250000000005,3.3078125,5.401247296139856,2449.677909094313,160
1006,78.8899022801303,485.9264723127036,-2.4716612377850167,3.146742671009772,5.36580525975287,2358.9732602771783,307
1007,86.44090909090909,486.86736363636373,-2.809090909090909,3.313636363636364,5.314586171222285,2578.4800675075576,11
1008,80.42373737373737,494.8122707070707,-2.685353535353535,3.207575757575757,5.4819813016555665,2356.188938368567,99
1009,83.20320512820513,496.49865256410254,-2.6108974358974355,3.2653846153846158,5.584638868665951,2475.4329501348416,78
1010,75.10454545454544,467.19144545454543,-2.777272727272727,3.2,4.599296326402648,2217.0943587509123,11
1011,80.45416666666667,478.1659916666667,-2.7624999999999997,3.3520833333333333,5.367556439752996,2389.7933569494253,24
1012,79.40592592592591,482.2296177777778,-2.609259259259259,3.3414814814814813,5.394887291427423,2326.3472483145006,135
1013,73.525,501.85905,-2.8000000000000007,3.3750000000000004,5.130427171808942,2089.9126025408136,2
1015,80.01666666666667,543.2605,-2.5916666666666672,3.4499999999999997,5.581400472282138,2314.3108973794892,6
1016,81.25884955752214,517.3332026548673,-2.647345132743363,3.264601769911504,5.624013631824387,2355.2715460345144,113
1017,79.83377192982455,506.4954421052632,-2.5438596491228074,3.25,5.496851176307109,2311.509033140802,228
1019,99.258,582.85012,-2.5120000000000005,3.3160000000000003,5.758528738517242,2986.2154283981326,25
1022,91.60652173913043,539.729906521739,-2.66086956521739,3.2858695652173915,5.783665418831145,2813.442133724077,46
1027,86.48275862068965,559.7631293103448,-2.537931034482759,3.1568965517241376,5.720193759429703,2590.8907285294176,58
1028,85.64999999999998,505.0758473684211,-2.2394736842105267,3.7000000000000006,5.373551064224791,2650.9575213910703,19
1029,88.94000000000001,550.0897,-2.489999999999999,3.72,5.740354940877306,2739.2906520823713,5
1030,83.4,570.6019,-2.25,3.6999999999999997,5.474067120269055,2505.5617590610486,1
1033,81.65668604651164,484.3945546511628,-2.2125,3.241279069767442,5.222266099350089,2509.312079633314,344
1035,85.48838383838383,496.4693186868688,-2.2588383838383836,3.292676767676768,5.373551064224791,2633.901569572186,198
1037,88.83697916666667,501.32106979166673,-2.3953124999999997,3.4499999999999997,5.545282436165199,2743.7166153821636,96
1038,91.815,516.7636100000001,-2.3800000000000003,3.5100000000000002,5.68650721093314,2854.652012737052,10
1039,88.44150943396225,515.0405641509434,-2.3764150943396225,3.322641509433962,5.649739946420862,2727.2231469816493,106
1040,80.98194444444444,496.80346111111106,-2.288888888888889,3.394444444444444,5.318581815270845,2466.1546222419156,36
1042,86.22763157894737,476.7140263157895,-2.3552631578947363,3.5118421052631583,5.44508412805595,2657.471347691956,38
1043,84.57857142857142,498.53877142857147,-2.471428571428572,3.5428571428571436,5.549204929290463,2584.422092027202,14
1046,78.94999999999999,403.47947500000004,-2.6,3.6125000000000003,5.167754006015329,2341.0802521689498,4
1047,76.58125,429.5500583333333,-2.441666666666667,3.46875,5.267915595068073,2323.817307620656,24
1049,77.453125,429.673040625,-2.221875,3.5359375,5.210518355656921,2356.5836795649357,32
1050,75.10000000000001,402.8646,-2.2249999999999996,3.7750000000000004,5.049425470620455,2284.9387058663046,2
1051,72.77307692307691,416.80799999999994,-2.165384615384615,3.5269230769230764,4.928033800690374,2192.657070096778,13
1052,72.675,415.2440166666667,-1.716666666666666,3.616666666666666,4.780864470763216,2166.8634428354258,6
1053,73.44090909090909,446.9789181818182,-2.1636363636363627,3.659090909090909,4.959993342037629,2186.6893261141845,11
1054,72.49285714285713,426.12435714285715,-1.9499999999999997,3.642857142857143,4.863912374254131,2182.5275565699217,7
1055,61.25,460.1707,-2.0500000000000007,3.65,4.406002949570873,1713.6401250060885,1
1059,69.94009661835749,436.98377826086954,-2.232367149758454,3.2260869565217383,4.851945933998824,2021.8480180835886,207
1061,72.44285714285715,456.98217321428575,-1.9767857142857144,3.3187500000000005,4.900129874782846,2118.8498999938715,56
1063,68.80705882352942,406.2818294117648,-2.139411764705882,3.3082352941176474,4.712972031289791,2006.1267338113903,85
1064,67.76822429906542,417.6675037383178,-2.028504672897196,3.179906542056074,4.668750691119916,1972.987463093125,107
1067,72.02499999999999,398.99967857142855,-1.8035714285714282,3.3535714285714286,4.76991345547601,2149.8539617181927,14
1069,66.68157894736841,426.15854999999993,-1.8907894736842104,3.3447368421052635,4.577946532892463,1925.595873426884,38
1070,71.35409836065573,432.5256434426229,-2.0254098360655743,3.2139344262295078,4.870584702309822,2105.9033409785825,122
1071,71.91603773584906,426.77732641509436,-1.8929245283018865,3.150943396226415,4.8064366033640775,2158.480062992562,106
1072,78.35,489.8813800000001,-2.2799999999999994,3.625,5.248514314785303,2332.7150448994353,10
1074,82.71511627906976,505.88292093023244,-2.124418604651163,3.375581395348837,5.26031602185035,2528.2171849257043,43
1075,79.74256756756758,502.30445135135125,-2.0202702702702697,3.2249999999999996,5.149805697130787,2404.607323732735,74
1076,75.8888888888889,488.8921,-1.8083333333333331,3.261111111111111,5.027331507747246,2223.867466237482,18
1077,77.72777777777779,501.5174999999999,-1.8888888888888893,3.4499999999999997,5.159031967393132,2281.7874767738226,9
1078,77.16521739130434,495.2558956521739,-2.1021739130434773,3.4391304347826095,5.232488500116904,2282.167285465474,23
1079,80.41250000000001,457.280825,-1.7749999999999995,3.6500000000000004,5.007376414774925,2453.1684277941345,4
1081,76.83076923076925,474.1330615384616,-2.0653846153846156,3.657692307692308,5.075405318628959,2302.337215960683,13
1082,85.85,479.900440625,-2.1468749999999996,3.546875,5.244250127162487,2646.7888426211025,32
1083,83.21884057971015,478.9163101449276,-2.096376811594203,3.352898550724637,5.1625505236122144,2565.4373829514843,69
1084,86.3375,503.30405,-1.8718749999999993,3.525,5.224516277183318,2623.37181586639,16
1086,68.47777777777777,455.71630000000005,-1.7916666666666667,3.263888888888889,4.598180756005166,1986.7328607255386,18
1087,71.85666666666667,471.54998000000006,-1.8766666666666665,3.463333333333333,4.830212332598096,2072.1473500575084,15
1089,72.27121212121212,479.8690030303031,-2.118181818181818,3.3257575757575752,4.952915018467622,2105.0481025867157,33
1090,73.26500000000001,479.04730500000005,-2.1925,3.4924999999999997,4.987304163774106,2140.54192710171,20
1091,70.95370370370371,468.6787370370371,-2.2685185185185186,3.3240740740740735,4.942688950448007,2023.6393802014234,27
1092,75.00168539325843,469.42973876404494,-2.23061797752809,3.249719101123595,5.124347157856148,2212.679065639867,178
1093,77.41851851851852,516.3473092592593,-2.213888888888889,3.2166666666666663,5.353837372832305,2276.867078039688,54
1094,74.25689655172415,513.4144586206896,-2.154310344827586,3.0732758620689653,5.198490755386421,2155.9686650603026,58
1099,73.2444055944056,428.19217902097904,-2.090909090909091,3.1160839160839164,4.919677707752095,2237.131017722841,143
1100,69.90609137055837,462.37551979695434,-2.0946700507614215,3.106598984771574,4.8147541032871,2020.9058195659134,197
1101,73.93764258555133,446.2881574144486,-1.9785171102661598,3.155893536121673,4.925404786576898,2221.788056145095,263
1105,70.71388888888889,489.94147999999996,-2.219444444444444,3.0894444444444447,4.892980266762364,2043.4978194895466,90
1106,73.76984126984128,480.9280373015874,-2.122619047619047,3.1634920634920634,5.024423949196813,2176.0478518241257,126
1109,78.46626794258374,476.9352641148326,-2.0983253588516746,3.1952153110047843,5.086351584131826,2385.815182835352,209
1113,81.86216216216218,472.3751081081081,-2.048648648648649,3.135135135135135,5.093232925142465,2513.6184043594994,37
1114,81.12688679245284,487.4339400943397,-2.17311320754717,3.1176886792452825,5.17287424764788,2493.7359230402567,212
1115,76.80696721311475,467.51693442622945,-1.9766393442622954,3.2393442622950817,5.057675503323348,2307.1780617290883,122
1116,76.99148936170212,467.8073524822696,-1.9539007092198581,3.0765957446808514,5.058832098808808,2318.956488101906,141
1117,75.4671206225681,478.44942062256814,-2.0348249027237357,3.0770428015564204,5.059559175891037,2223.6143180242416,257
1118,80.75,376.0562,-2.049999999999997,4.300000000000001,51.33762678559972,2220.093334776765,1
1119,86.90454545454546,597.2985090909091,-2.665151515151515,2.7818181818181817,5.745749816862314,2626.481132812606,33
1121,81.71904761904761,575.389661904762,-2.7152380952380955,2.844285714285715,5.637112079750861,2431.810247646193,105
1122,82.93148148148148,584.3932222222222,-2.7898148148148154,2.7694444444444453,5.697060379452936,2474.1970947865007,54
1127,87.22903225806449,560.8035612903226,-2.854838709677419,3.0499999999999994,6.282255601485082,2635.8652440558258,31
1128,86.79809523809523,560.004959047619,-2.688571428571428,3.0185714285714287,5.716446153730355,2603.9276579651296,105
1133,87.4326923076923,597.9589576923078,-2.884615384615385,2.994230769230769,6.307702550832642,2630.5156196975117,26
1136,94.29285714285713,568.3531571428572,-3.1857142857142855,3.1285714285714286,5.527007047870171,2899.343174071711,7
1137,90.71000000000001,595.59027,-3.0549999999999997,3.12,6.613445085158917,2744.014502101318,10
1140,89.96666666666667,642.7195888888889,-3.0000000000000004,2.816666666666667,6.327402763718768,2714.075805336798,9
1142,91.09423076923078,618.7605615384616,-2.967307692307692,2.925,6.354308897763487,2757.459411252708,26
1143,75.37666666666668,657.5694533333334,-3.1333333333333333,2.516666666666666,5.738511881369227,2170.5740511630734,15
1144,79.78557692307693,648.2981115384615,-3.1769230769230767,2.632692307692307,5.32664301812481,2339.204301776861,52
1145,82.67241379310344,659.3470586206896,-3.13793103448276,2.760344827586206,5.796886440186102,2435.4750166836975,29
1147,83.39333333333333,689.7559733333333,-3.1,2.6166666666666667,6.598072564301323,2466.31604198168,15
1149,89.07,631.03154,-2.6649999999999996,2.71,5.729012832698701,2688.991212783085,10
1150,90.76363636363635,651.519109090909,-2.809090909090908,2.727272727272727,5.732878495216222,2755.8297154706447,11
1151,80.41486486486488,644.3333891891891,-3.0378378378378383,2.739189189189189,5.455362622219766,2384.159784687129,37
1152,84.665625,632.9960437499999,-2.909375,2.6812500000000004,6.266385235865941,2549.494179839823,16
1153,81.63103448275862,625.2025413793102,-2.7586206896551713,2.577586206896551,5.603268840529096,2428.34822187057,29
1155,83.78333333333333,706.0651666666668,-3.066666666666667,2.3722222222222222,6.487600876474794,2489.753538020137,9
1156,88.4,691.6088,-2.9499999999999993,2.1999999999999997,6.232397270924149,2695.311025696861,1
1157,75.88333333333334,719.7289666666666,-2.8499999999999996,2.183333333333333,4.855901184523923,2294.3763791877313,3
1158,82.67500000000001,719.5547875,-2.8312499999999994,2.0999999999999996,5.619140637577646,2479.952735255488,8
1159,95.95,723.5822,-2.6999999999999993,2.55,5.618282143303993,2903.609180150391,1
1160,84.94999999999999,765.3936,-2.8000000000000007,2.6000000000000005,5.617278193899035,2550.270306338665,1
1164,89.2,692.8385333333334,-2.3333333333333326,2.6166666666666667,5.513402360627598,2686.0881546636956,3
1165,86.09,678.91782,-2.4899999999999998,2.6,5.545288743744462,2602.735271675286,5
1167,82.94999999999999,571.5856,-2.5,2.15,5.59675106478948,2492.312863035016,1
1168,71.0209677419355,549.3470870967742,-2.47258064516129,2.22741935483871,5.150197413403806,2115.0335071179275,31
1169,73.86081081081079,548.2603675675676,-2.5472972972972974,2.4405405405405407,5.34677688393852,2202.5254081516546,37
1171,68.07389380530974,594.067132743363,-2.5309734513274336,2.6150442477876106,4.958680721561368,1935.549057507381,113
1172,72.67440476190475,585.3382952380953,-2.6839285714285714,2.708928571428571,5.2584061438535565,2105.2445214747495,84
1173,68.94745762711865,579.8186830508475,-2.770338983050847,2.5991525423728814,5.051152520704393,1994.7523562985552,59
1174,69.04150943396228,588.9784245283018,-2.7792452830188674,2.4915094339622637,5.051152520704393,1996.1861660743339,53
1176,79.875,589.3862125,-2.2687499999999994,2.4124999999999996,5.381433126933875,2386.268521934571,8
1180,71.03506944444445,578.5815326388888,-2.568402777777778,2.6069444444444443,5.173757628477226,2079.3225344362945,144
1184,78.86569767441861,603.9622639534884,-2.6139534883720934,2.548837209302326,5.512810883364059,2333.0200595963456,86
1185,77.54859154929578,578.9052309859155,-2.6507042253521127,2.5866197183098594,5.525863143729476,2298.416712613334,71
1186,74.80808823529412,606.1234044117647,-2.7926470588235297,2.8095588235294113,5.406232168527329,2143.267702390547,68
1187,74.12089552238808,628.4696328358209,-2.7738805970149256,2.714925373134328,5.401755929573631,2141.37853660684,67
1189,70.60121951219512,637.2300585365854,-2.9865853658536587,2.5304878048780486,4.933700736769065,2050.828293659212,41
1190,72.92926829268292,621.0694073170733,-2.881707317073171,2.468292682926829,5.12559189665545,2117.39673766433,41
1191,76.41486486486488,595.1967648648648,-2.8864864864864854,2.651351351351352,5.462796432524672,2229.9168809975536,37
1192,76.07222222222224,632.2940833333333,-3.0499999999999994,2.5861111111111112,5.465390390352646,2233.713738101933,18
1193,77.91666666666667,619.5691428571429,-3.0357142857142856,2.7309523809523806,5.4013832540471345,2266.117283862134,21
1194,76.08,673.85128,-2.9099999999999997,2.29,5.454911791275449,2264.7291349188017,5
1196,74.1,664.9540687499999,-2.7125000000000004,2.134375,5.334019280636313,2209.469238934308,16
1199,69.13095238095237,639.3270571428571,-2.7952380952380946,2.407142857142857,5.032237287875826,2004.4084779692532,21
1201,74.0157142857143,642.6930342857142,-2.7914285714285714,2.5985714285714288,5.393871288324408,2172.8748779814205,35
1202,72.29222222222222,620.57324,-2.743333333333333,2.566666666666666,5.207641693202796,2111.5261734831984,45
1203,68.22297297297295,625.6545567567567,-2.6662162162162164,2.232432432432432,4.9353402046043575,2016.0630245431923,37
1205,66.28559322033898,611.2876677966101,-2.5932203389830515,2.3118644067796605,4.8814106508494115,1897.106560066936,59
1206,75.35,594.6481076923077,-2.784615384615385,2.3346153846153843,5.499893444386097,2237.9514364298943,13
1207,81.05,627.8588,-2.55,2.06,5.581893011761507,2432.8205273975855,5
1209,78.10689655172415,634.0397379310344,-2.6431034482758626,2.4396551724137936,5.5070081731902185,2324.827136898079,29
1210,79.19833333333332,661.6194066666666,-2.598333333333333,2.289999999999999,5.470935832469515,2375.021205752544,30
1214,66.14375,477.6330875,-2.85625,2.925,1.8526750770176013,1845.6856281457124,8
1215,69.753125,522.2728625,-2.6968750000000004,2.9906249999999996,5.097450132306767,1956.5705817821265,16
1216,69.72073170731707,520.6501951219512,-2.7597560975609756,2.7597560975609756,5.086366263420575,1984.4522449143383,41
1220,76.30295202952028,511.1202974169742,-2.586531365313653,2.96309963099631,5.4779034968305655,2252.4397882439403,271
1221,80.31180555555557,526.392511111111,-2.7277777777777783,2.959722222222222,5.589923192916786,2388.8417912827017,72
1229,73.21896551724137,497.45320000000004,-2.69655172413793,2.6258620689655174,5.1945299455876075,2159.793822253903,29
1230,71.8524193548387,487.6297387096775,-2.6072580645161296,2.7629032258064523,5.070525328745383,2104.598900000485,62
1231,60.425,451.07062499999995,-2.7375,2.7249999999999996,3.834697030410467,1756.773499627212,4
1232,70.4,434.1001,-2.9499999999999993,2.65,1.9917135255567469,2077.9832345945647,1
1233,62.51111111111111,529.9656,-3.0333333333333337,2.505555555555556,4.759903413679799,1713.2613247794043,9
1234,74.98076923076923,536.925753846154,-2.8115384615384618,2.4346153846153844,5.473803453719577,2215.6458184536714,13
1236,67.84765625,553.10488125,-2.6484375,2.61953125,4.969183443826123,1935.1199564277238,64
1237,66.36811594202898,533.2853246376811,-2.647101449275363,2.6427536231884057,4.925756612335931,1819.3428345888549,69
1239,68.21666666666667,535.5005025641025,-2.5487179487179485,2.423076923076923,4.950796080312145,1986.3601265976174,39
1240,83.46000000000001,490.02894,-2.8,2.88,5.303298681996919,2513.2965302547664,5
1241,87.9,496.0793,-2.950000000000001,2.65,3.254039983204528,2667.3904440335173,1
1242,86.08181818181819,550.0986454545454,-2.8863636363636362,2.8499999999999996,6.268744501983654,2612.3507259870435,11
1244,84.13684210526317,530.2920947368422,-2.876315789473684,3.2052631578947364,6.461126746533156,2498.611292723608,19
1245,85.0343137254902,520.9973078431373,-2.800980392156863,3.3235294117647065,5.74320098704283,2535.9346544687974,51
1246,85.94662921348315,544.0973898876405,-2.6955056179775276,3.16685393258427,5.717179312974352,2564.1838287540822,89
1247,82.77333333333334,565.4287266666668,-2.7466666666666666,3.0699999999999994,5.64911821428189,2438.328897010052,30
1248,85.69375,538.7822,-2.9625000000000004,3.0187500000000003,6.30612923510557,2614.9616929216595,8
1249,83.0852564102564,545.9659576923076,-2.7814102564102563,2.9692307692307693,5.697060379452936,2470.5415359028816,78
1250,74.02000000000001,533.7586800000001,-2.9499999999999993,3.18,5.392585696371871,2104.4259029875407,5
1252,72.55000000000001,438.0353,-3.5,2.9,1.971504022826989,2141.98830777509,1
1253,78.5,478.371,-3.1999999999999993,3.05,2.1176865602256725,2341.516094086529,1
1254,83.55833333333332,591.6714833333334,-3.316666666666667,2.9916666666666667,5.458161675895665,2446.1142742924885,6
1255,80.18333333333332,569.7410166666667,-3.65,2.966666666666667,5.35551272598503,2314.750515332732,6
1256,75.896875,549.84991875,-3.5812500000000003,2.934375,5.386733644033919,2137.048188489391,16
1257,66.53333333333333,550.68,-3.25,2.6166666666666667,4.929640094697496,1802.9075587450627,3
1258,71.68333333333335,537.6036833333334,-3.4000000000000004,2.841666666666667,5.090439533274746,2018.308356881379,12
1259,85.425,573.18435,-3.1750000000000007,2.6750000000000003,5.460520942013378,2543.5587706181345,2
1260,84.30000000000001,526.3311,-3.400000000000002,2.5500000000000003,5.443128839395757,2509.886662659428,1
1261,87.2,552.1556,-4.35,2.9499999999999993,5.499478990862366,2594.746030652484,1
1262,37.95,0.4918981,430.2,1457.6,141.58785910115262,502.0101319950677,1
1263,59.333333333333336,5.984762066666668,-3.400000000000001,1313.55,51.846895181209085,1190.845121135126,3
