iteration,data_cycle,cumulative_running_hours,data_points_in_hour,nearest_cluster_id,slope_power_vs_small_delta_t,slope_small_delta_t,initial_power,initial_small_delta_t,step_small_delta_t_increase,cumulative_small_delta_t_increase,new_small_delta_t,new_power,small_delta_t_difference,power_difference,step_power_increase,cumulative_power_increase,period_cost,cumulative_cost,period,iteration_timestamp,start_date,current_date,predicted_end_date,current_running_hour
,,,,,,,,,,,,,,,,,,,,,2024-04-16,2024-12-02,2026-04-25,583.0
1,0,10,95,222.0,19.91966206896625,0.0013235031277926503,1051.2343947808868,0.7527097978407997,0.013235031277926503,0.013235031277926503,0.7659448291187262,1051.4980321314154,0.013235031277926503,0.26363735052849446,0.26363735052849446,0.26363735052849446,3.427285556870428,3.427285556870428,10,2024-04-17 07:21:00,,,,
2,0,20,143,61.0,80.76884185303496,0.005792163543441226,817.3171335003163,0.7074508525334998,0.05,0.06323503127792651,0.7706858838114263,822.4245537411749,0.06323503127792651,5.107420240858565,1.0,1.2636373505284944,66.39646313116135,69.82374868803178,10,2024-07-30 18:48:00,,,,
3,0,30,145,244.0,108.10202173223345,0.0021215336063922716,907.2495238976371,0.7546616021973747,0.021215336063922716,0.08445036734184923,0.8391119695392238,916.3787793433208,0.08445036734184923,9.129255445683684,1.0,2.2636373505284944,118.6803207938879,188.5040694819197,10,2024-07-31 04:42:00,,,,
4,0,40,130,290.0,65.40886509470445,0.0013068125270390843,938.9812852574717,0.8197783474028826,0.013068125270390843,0.09751849261224008,0.9172968400151227,945.3598591849845,0.09751849261224008,6.378573927512944,0.8547712428516928,3.1184085933801873,82.92146105766827,271.42553053958795,10,2024-08-01 18:06:00,,,,
5,0,50,112,204.0,48.738046511628,0.002709433962264154,904.9181199822959,0.7856029361336586,0.02709433962264154,0.12461283223488162,0.9102157683685402,910.9915059957053,0.12461283223488162,6.073386013409357,1.0,4.118408593380187,78.95401817432165,350.37954871390957,10,2024-08-02 04:06:00,,,,
6,0,60,162,245.0,5.363131799162968,0.0026903946863864937,949.2563312729213,0.6764722252616302,0.026903946863864936,0.15151677909874656,0.8279890043603768,950.0689357290125,0.15151677909874656,0.8126044560912385,0.14428941294858486,4.2626980063287725,10.563857929186103,360.94340664309567,10,2024-08-02 17:51:00,,,,
7,0,70,154,38.0,55.00507443682669,0.004274756291221845,838.1320692794177,0.7575078865428585,0.04274756291221844,0.19426434201096499,0.9517722285538235,848.817593872152,0.19426434201096499,10.685524592734287,1.0,5.2626980063287725,138.91181970554575,499.8552263486414,10,2024-08-03 02:42:00,,,,
8,0,80,176,224.0,130.8488009403603,0.004253106410871949,1022.0896580430106,0.7837266640815145,0.042531064108719485,0.23679540611968447,1.020522070201199,1053.0740530019568,0.23679540611968447,30.984394958946368,1.0,6.2626980063287725,402.79713446630285,902.6523608149442,10,2024-08-07 12:21:00,,,,
9,0,90,138,225.0,118.24390579529708,0.006691673270145363,987.6416386550757,0.7010525615958729,0.05,0.28679540611968446,0.9878479677155574,1021.5534476388156,0.28679540611968446,33.91180898373994,1.0,7.2626980063287725,440.8535167886192,1343.5058776035635,10,2024-08-12 18:48:00,,,,
10,0,100,118,224.0,130.8488009403603,0.004253106410871949,1022.0896580430106,0.7837266640815145,0.042531064108719485,0.32932647022840394,1.1130531343099184,1065.1816317903185,0.32932647022840394,43.09197374730792,1.0,8.262698006328772,560.195658715003,1903.7015363185665,10,2024-08-13 15:06:00,,,,
11,0,110,123,225.0,118.24390579529708,0.006691673270145363,987.6416386550757,0.7010525615958729,0.05,0.37932647022840393,1.0803790318242767,1032.4946820664256,0.37932647022840393,44.85304341134996,1.0,9.262698006328772,583.0895643475494,2486.791100666116,10,2024-08-14 13:21:00,,,,
12,0,120,123,225.0,118.24390579529708,0.006691673270145363,987.6416386550757,0.7010525615958729,0.05,0.4293264702284039,1.1303790318242768,1038.4068773561905,0.4293264702284039,50.76523870111481,1.0,10.262698006328772,659.9481031144926,3146.7392037806085,10,2024-08-14 13:21:00,,,,
13,0,130,129,245.0,5.363131799162968,0.0026903946863864937,949.2563312729213,0.6764722252616302,0.026903946863864936,0.45623041709226886,1.132702642353899,951.7031551305743,0.45623041709226886,2.446823857652931,0.14428941294858486,10.406987419277357,31.808710149488103,3178.5479139300965,10,2024-10-02 10:54:00,,,,
14,0,140,179,237.0,122.93997842262084,0.0038762443818206437,1076.3752142825376,0.813768073897183,0.03876244381820644,0.4949928609104753,1.3087609348076583,1137.2296259222228,0.4949928609104753,60.85441163968519,1.0,11.406987419277357,791.1073513159074,3969.655265246004,10,2024-11-11 13:48:00,,,,
15,0,150,179,163.0,127.34088893635173,0.008901615322587653,977.4728714735267,0.8331165349553123,0.05,0.5449928609104753,1.3781093958657875,1046.8727468458321,0.5449928609104753,69.39987537230542,1.0,12.406987419277357,902.1983798399704,4871.853645085975,10,2024-11-12 14:15:00,,,,
16,0,160,200,244.0,108.10202173223345,0.0021215336063922716,907.2495238976371,0.7546616021973747,0.021215336063922716,0.566208196974398,1.3208697991717726,968.4577747119322,0.566208196974398,61.208250814295084,1.0,13.406987419277357,795.7072605858361,5667.560905671811,10,2024-11-22 15:18:00,,,,
17,0,170,197,89.0,71.70078606158823,0.00014526320440687255,819.9197824335516,0.7074508525334998,0.0014526320440687256,0.5676608290184667,1.2751116815519665,860.6215100905486,0.5676608290184667,40.7017276569969,0.1041548594179793,13.511142278695337,529.1224595409598,6196.683365212771,10,2024-11-23 01:18:00,,,,
18,0,180,200,58.0,66.99369945541162,0.001441445758800033,890.4758768058593,0.748560689423877,0.01441445758800033,0.582075286606467,1.3306359760303441,929.4712536171955,0.582075286606467,38.99537681133623,0.9656778394632715,14.476820118158608,506.93989854737094,6703.6232637601415,10,2024-11-23 11:18:00,,,,
19,0,190,200,42.0,74.71459770742358,0.003161355095280119,822.1259982948892,0.7301365247675983,0.03161355095280119,0.6136888375592682,1.3438253623268666,867.9775129106663,0.6136888375592682,45.85151461577714,1.0,15.476820118158608,596.0696900051029,7299.692953765244,10,2024-11-23 21:18:00,,,,
20,0,200,199,244.0,108.10202173223345,0.0021215336063922716,907.2495238976371,0.7546616021973747,0.021215336063922716,0.6349041736231908,1.3895657758205655,975.883948672537,0.6349041736231908,68.6344247748999,1.0,16.476820118158606,892.2475220736987,8191.940475838943,10,2024-11-24 07:18:00,,,,
21,0,210,200,209.0,43.89361708312112,0.0005158510209957155,893.409937515771,0.7724731439888262,0.005158510209957155,0.640062683833148,1.4125358278219742,921.504603869138,0.640062683833148,28.094666353367018,0.2264256718752301,16.703245790033836,365.2306625937712,8557.171138432714,10,2024-11-24 17:18:00,,,,
22,0,220,179,37.0,43.06630127086964,0.005112358579192788,830.3342324698446,0.7301365247675983,0.05,0.6900626838331481,1.4201992086007462,860.0526799075877,0.6900626838331481,29.718447437743215,1.0,17.703245790033836,386.3398166906618,8943.510955123376,10,2024-11-25 03:18:00,,,,
23,0,230,198,48.0,93.07347311827975,0.005011975342573338,746.8124765683253,0.6686843303035407,0.05,0.7400626838331481,1.4087470141366887,815.6926808779118,0.7400626838331481,68.88020430958647,1.0,18.703245790033836,895.4426560246242,9838.953611148001,10,2024-11-27 21:18:00,,,,
24,0,240,200,207.0,34.02598600105619,0.004534268889701913,868.3889071389727,0.8035703872102229,0.04534268889701913,0.7854053727301672,1.5889757599403902,895.1130993566437,0.7854053727301672,26.72419221767099,1.0,19.703245790033836,347.4144988297229,10186.368109977724,10,2024-11-28 07:18:00,,,,
25,0,250,200,211.0,9.493523399475746,0.0028874975100159207,892.2570641193295,0.7882558573116202,0.028874975100159208,0.8142803478303264,1.6025362051419467,899.9874536551899,0.8142803478303264,7.7303895358604535,0.27412525177264097,19.977371041806478,100.4950639661859,10286.86317394391,10,2024-11-28 17:18:00,,,,
26,0,260,200,292.0,34.63987974172677,0.0021568482519033027,865.0031031450781,0.73771172241305,0.02156848251903303,0.8358488303493594,1.5735605527624095,893.9568061106429,0.8358488303493594,28.953702965564794,0.7471296406708402,20.72450068247732,376.3981385523423,10663.261312496252,10,2024-11-29 03:18:00,,,,
27,0,270,200,164.0,90.74243250044942,0.0024634861304898793,978.3078630978048,0.8226366929788294,0.024634861304898795,0.8604836916542582,1.6831203846330876,1056.3902464054788,0.8604836916542582,78.08238330767406,1.0,21.72450068247732,1015.0709829997629,11678.332295496015,10,2024-11-29 13:18:00,,,,
28,0,280,200,38.0,55.00507443682669,0.004274756291221845,838.1320692794177,0.7575078865428585,0.04274756291221844,0.9032312545664767,1.6607391411093353,887.8143716705151,0.9032312545664767,49.68230239109741,1.0,22.72450068247732,645.8699310842665,12324.20222658028,10,2024-11-29 23:18:00,,,,
29,0,290,200,212.0,63.787365541031306,0.0024149588345181486,971.4542750657859,0.8253536364006725,0.024149588345181487,0.9273808429116581,1.7527344793123305,1030.6094558883415,0.9273808429116581,59.15518082255567,1.0,23.72450068247732,769.0173506932238,13093.219577273505,10,2024-11-30 09:18:00,,,,
30,0,300,200,211.0,9.493523399475746,0.0028874975100159207,892.2570641193295,0.7882558573116202,0.028874975100159208,0.9562558180118174,1.7445116753234375,901.3353011035094,0.9562558180118174,9.078236984180009,0.27412525177264097,23.99862593424996,118.01708079434013,13211.236658067844,10,2024-11-30 19:18:00,,,,
31,0,310,200,207.0,34.02598600105619,0.004534268889701913,868.3889071389727,0.8035703872102229,0.04534268889701913,1.0015985069088365,1.8051688941190593,902.4692839137316,1.0015985069088365,34.08037677475885,1.0,24.99862593424996,443.04489807186496,13654.28155613971,10,2024-12-01 05:18:00,,,,
32,0,320,200,169.0,103.26260006913269,0.0038438567888509664,1030.079984239033,0.9075813409982224,0.03843856788850966,1.0400370747973462,1.9476184157955685,1137.4769167509019,1.0400370747973462,107.396932511869,1.0,25.99862593424996,1396.160122654297,15050.441678794006,10,2024-12-01 15:18:00,,,,
33,0,330,200,41.0,72.05674814814817,0.00480003124511796,823.7701302745077,0.747527106598199,0.048000312451179604,1.0880373872485258,1.8355644938467248,902.1705662632438,1.0880373872485258,78.40043598873619,1.0,26.99862593424996,1019.2056678535705,16069.647346647576,10,2024-12-02 01:18:00,,,,
34,0,340,200,166.0,89.73011103633885,0.00452327436617093,1049.3557050876861,0.941100892640398,0.045232743661709304,1.133270130910235,2.074371023550633,1151.0441597684278,1.133270130910235,101.68845468074167,1.0,27.99862593424996,1321.9499108496418,17391.59725749722,10,2024-12-02 11:18:00,,,,
35,0,350,200,244.0,108.10202173223345,0.0021215336063922716,907.2495238976371,0.7546616021973747,0.021215336063922716,1.1544854669741578,1.9091470691715324,1032.0517369380252,1.1544854669741578,124.8022130403881,1.0,28.99862593424996,1622.4287695250453,19014.026027022264,10,2024-12-02 21:18:00,,,,
36,0,360,200,276.0,72.59466637655927,0.006039703989242675,1103.3907818747657,1.0051175124496625,0.05,1.2044854669741578,2.2096029794238206,1190.830002505169,1.2044854669741578,87.43922063040318,1.0,29.99862593424996,1136.7098681952414,20150.735895217505,10,2024-12-03 07:18:00,,,,
37,0,370,200,169.0,103.26260006913269,0.0038438567888509664,1030.079984239033,0.9075813409982224,0.03843856788850966,1.2429240348626676,2.15050537586089,1158.4275517673693,1.2429240348626676,128.34756752833638,1.0,30.99862593424996,1668.5183778683731,21819.254273085877,10,2024-12-03 17:18:00,,,,
38,0,380,92,204.0,48.738046511628,0.002709433962264154,904.9181199822959,0.7856029361336586,0.02709433962264154,1.270018374485309,2.055621310618968,966.8163345885831,1.270018374485309,61.89821460628718,1.0,31.99862593424996,804.6767898817335,22623.93106296761,10,2024-12-04 03:18:00,,,,
39,0,390,37,135.0,49.37794893260848,0.0053344872022990895,1343.808839815744,0.9690168576015121,0.05,1.3200183744853091,2.289035232086821,1408.9886397011844,1.3200183744853091,65.17979988544046,1.0,32.99862593424996,847.337398510726,23471.268461478336,10,2025-06-26 14:18:00,,,,
40,0,400,200,189.0,3.3177837725668873,0.0032795664635793527,1027.1189719818692,0.8157882672715435,0.032795664635793524,1.3528140391211025,2.1686023063926463,1031.6073164481659,1.3528140391211025,4.4883444662966605,0.10880892393918148,33.10743485818914,58.34847806185658,23529.616939540192,10,2025-06-26 16:09:00,,,,
41,0,410,37,135.0,49.37794893260848,0.0053344872022990895,1343.808839815744,0.9690168576015121,0.05,1.4028140391211026,2.3718308967226145,1413.076919801412,1.4028140391211026,69.26807998566804,1.0,34.10743485818914,900.4850398136846,24430.101979353876,10,2025-06-26 14:18:00,,,,
42,0,420,200,189.0,3.3177837725668873,0.0032795664635793527,1027.1189719818692,0.8157882672715435,0.032795664635793524,1.435609703756896,2.2513979710284397,1031.8820145607333,1.435609703756896,4.7630425788641855,0.10880892393918148,34.216243782128316,61.91955352523442,24492.02153287911,10,2025-06-26 16:09:00,,,,
43,0,430,174,201.0,53.81915822479515,0.004233598228161901,826.2315718732307,0.7114836025647387,0.04233598228161901,1.477945686038515,2.189429288603254,905.773364597791,1.477945686038515,79.54179272456025,1.0,35.216243782128316,1034.0433054192833,25526.064838298393,10,2025-06-27 02:09:00,,,,
44,0,440,163,255.0,112.11464589717323,0.006420294323334599,1140.530349391992,0.8526184068452274,0.05,1.527945686038515,2.380564092883742,1311.8354389323135,1.527945686038515,171.30508954032155,1.0,36.216243782128316,2226.96616402418,27753.031002322572,10,2025-07-02 10:21:00,,,,
45,0,450,179,119.0,60.37274500737037,0.031123834099400775,1354.2199174921755,0.9309693493785601,0.05,1.577945686038515,2.508915035417075,1449.4848300308588,1.577945686038515,95.26491253868338,1.0,37.216243782128316,1238.443863002884,28991.474865325457,10,2025-07-07 12:09:00,,,,
46,0,460,179,91.0,66.52464175416937,0.0014074457842510597,1152.342489662665,0.9322992129113149,0.014074457842510598,1.5920201438810255,2.5243193567923403,1258.2510593997713,1.5920201438810255,105.90856973710639,0.936298265857177,38.15254204798549,1376.8114065823831,30368.28627190784,10,2025-07-08 10:51:00,,,,
47,0,470,200,91.0,66.52464175416937,0.0014074457842510597,1152.342489662665,0.9322992129113149,0.014074457842510598,1.606094601723536,2.538393814634851,1259.1873576656285,1.606094601723536,106.84486800296357,0.936298265857177,39.08884031384267,1388.9832840385266,31757.26955594637,10,2025-07-09 09:33:00,,,,
48,0,480,114,161.0,0.21476379691005656,0.005622551951685429,1145.0877275991545,0.8751413354010181,0.05,1.656094601723536,2.531235937124554,1145.443396763863,1.656094601723536,0.3556691647083945,0.012075206054680116,39.10091551989735,4.623699141209128,31761.893255087576,10,2025-07-09 19:33:00,,,,
49,0,490,179,99.0,2.070499999999886,0.010001299714062866,1153.8316563746803,0.9378035806801938,0.05,1.706094601723536,2.64389818240373,1157.3641252475486,1.706094601723536,3.5324688728683866,0.20707691057966024,39.30799243047701,45.92209534728902,31807.815350434867,10,2025-07-11 16:36:00,,,,
50,0,500,140,233.0,12.05618604651153,0.003207472570920277,1059.4936607060044,0.8452666686354848,0.03207472570920277,1.7381693274327388,2.5834359960682236,1080.4493534978733,1.7381693274327388,20.955692791868916,0.3866988605409751,39.69469129101798,272.4240062942959,32080.239356729162,10,2025-07-14 15:45:00,,,,
51,0,510,149,233.0,12.05618604651153,0.003207472570920277,1059.4936607060044,0.8452666686354848,0.03207472570920277,1.7702440531419414,2.6155107217774263,1080.8360523584142,1.7702440531419414,21.342391652409887,0.3866988605409751,40.081390151558956,277.45109148132855,32357.69044821049,10,2025-07-31 16:03:00,,,,
52,0,520,179,187.0,7.09134466535157,0.0109312236347668,1119.3177084957865,0.911509659826901,0.05,1.8202440531419415,2.7317537129688425,1132.2256864516726,1.8202440531419415,12.907977955886025,0.7751707440816854,40.85656089564064,167.80371342651833,32525.49416163701,10,2025-08-08 10:36:00,,,,
53,0,530,164,233.0,12.05618604651153,0.003207472570920277,1059.4936607060044,0.8452666686354848,0.03207472570920277,1.8523187788511442,2.697585447486629,1081.825560521281,1.8523187788511442,22.33189981527644,0.3866988605409751,41.243259756181615,290.31469759859374,32815.8088592356,10,2025-08-11 10:00:00,,,,
54,0,540,186,233.0,12.05618604651153,0.003207472570920277,1059.4936607060044,0.8452666686354848,0.03207472570920277,1.8843935045603468,2.729660173195832,1082.212259381822,1.8843935045603468,22.718598675817415,0.3866988605409751,41.62995861672259,295.3417827856264,33111.150642021224,10,2025-08-12 09:00:00,,,,
55,0,550,178,158.0,38.172909253216545,0.006522646813581317,1138.4008920631704,0.9202243231081615,0.05,1.9343935045603469,2.854617827668508,1212.2423197727642,1.9343935045603469,73.84142770959365,1.0,42.62995861672259,959.9385602247174,34071.089202245945,10,2025-08-13 09:06:00,,,,
56,0,560,166,58.0,66.99369945541162,0.001441445758800033,890.4758768058593,0.748560689423877,0.01441445758800033,1.9488079621483472,2.697368651572224,1021.0337317183389,1.9488079621483472,130.55785491247954,0.9656778394632715,43.59563645618586,1697.2521138622342,35768.34131610818,10,2025-08-13 18:12:00,,,,
57,0,570,149,189.0,3.3177837725668873,0.0032795664635793527,1027.1189719818692,0.8157882672715435,0.032795664635793524,1.9816036267841406,2.797391894055684,1033.6935043384733,1.9816036267841406,6.574532356604112,0.10880892393918148,43.70444538012504,85.46892063585346,35853.81023674403,10,2025-08-20 08:15:00,,,,
58,0,580,48,148.0,84.27317258883258,0.016923076923076746,1006.069785230323,0.684555680511361,0.05,2.0316036267841406,2.7161593072955017,1177.279468302401,2.0316036267841406,171.2096830720781,1.0,44.70444538012504,2225.725879937015,38079.53611668105,10,2025-09-05 09:48:00,,,,
59,0,590,143,61.0,80.76884185303496,0.005792163543441226,817.3171335003163,0.7074508525334998,0.05,2.0816036267841405,2.7890544793176404,985.4458476327486,2.0816036267841405,168.12871413243224,1.0,45.70444538012504,2185.673283721619,40265.209400402666,10,2024-07-30 18:48:00,,,,
60,0,600,145,244.0,108.10202173223345,0.0021215336063922716,907.2495238976371,0.7546616021973747,0.021215336063922716,2.102818962848063,2.857480565045438,1134.568505118391,2.102818962848063,227.31898122075393,1.0,46.70444538012504,2955.146755869801,43220.356156272464,10,2024-07-31 04:42:00,,,,
61,0,610,130,290.0,65.40886509470445,0.0013068125270390843,938.9812852574717,0.8197783474028826,0.013068125270390843,2.115887088118454,2.9356654355213365,1077.3790583598386,2.115887088118454,138.397773102367,0.8547712428516928,47.55921662297673,1799.1710503307713,45019.527206603234,10,2024-08-01 18:06:00,,,,
62,0,620,112,204.0,48.738046511628,0.002709433962264154,904.9181199822959,0.7856029361336586,0.02709433962264154,2.1429814277410957,2.928584363874754,1009.3628484810964,2.1429814277410957,104.4447284988005,1.0,48.55921662297673,1357.7814704844063,46377.30867708764,10,2024-08-02 04:06:00,,,,
63,0,630,162,245.0,5.363131799162968,0.0026903946863864937,949.2563312729213,0.6764722252616302,0.026903946863864936,2.1698853746049607,2.846357599866591,960.8937125260038,2.1698853746049607,11.637381253082513,0.14428941294858486,48.703506035925315,151.28595629007268,46528.59463337771,10,2024-08-02 17:51:00,,,,
64,0,640,154,38.0,55.00507443682669,0.004274756291221845,838.1320692794177,0.7575078865428585,0.04274756291221844,2.212632937517179,2.9701408240600378,959.8381087089247,2.212632937517179,121.70603942950693,1.0,49.703506035925315,1582.1785125835902,48110.7731459613,10,2024-08-03 02:42:00,,,,
65,0,650,176,224.0,130.8488009403603,0.004253106410871949,1022.0896580430106,0.7837266640815145,0.042531064108719485,2.2551640016258987,3.038890665707413,1317.175163579624,2.2551640016258987,295.0855055366136,1.0,50.703506035925315,3836.1115719759764,51946.884717937275,10,2024-08-07 12:21:00,,,,
66,0,660,138,225.0,118.24390579529708,0.006691673270145363,987.6416386550757,0.7010525615958729,0.05,2.3051640016258985,3.0062165632217717,1260.2132337060384,2.3051640016258985,272.5715950509628,1.0,51.703506035925315,3543.4307356625163,55490.31545359979,10,2024-08-12 18:48:00,,,,
67,0,670,118,224.0,130.8488009403603,0.004253106410871949,1022.0896580430106,0.7837266640815145,0.042531064108719485,2.347695065734618,3.1314217298161324,1329.2827423679857,2.347695065734618,307.19308432497513,1.0,52.703506035925315,3993.510096224677,59483.82554982447,10,2024-08-13 15:06:00,,,,
68,0,680,123,225.0,118.24390579529708,0.006691673270145363,987.6416386550757,0.7010525615958729,0.05,2.397695065734618,3.098747627330491,1271.1544681336486,2.397695065734618,283.5128294785728,1.0,53.703506035925315,3685.666783221447,63169.49233304591,10,2024-08-14 13:21:00,,,,
69,0,690,129,245.0,5.363131799162968,0.0026903946863864937,949.2563312729213,0.6764722252616302,0.026903946863864936,2.424599012598483,3.101071237860113,962.2597753376074,2.424599012598483,13.003444064686057,0.14428941294858486,53.8477954488739,169.04477284091877,63338.53710588683,10,2024-10-02 10:54:00,,,,
70,0,700,179,237.0,122.93997842262084,0.0038762443818206437,1076.3752142825376,0.813768073897183,0.03876244381820644,2.4633614564166892,3.2771295303138723,1379.2208185815211,2.4633614564166892,302.84560429898363,1.0,54.8477954488739,3936.9928558867873,67275.52996177362,10,2024-11-11 13:48:00,,,,
71,0,710,179,163.0,127.34088893635173,0.008901615322587653,977.4728714735267,0.8331165349553123,0.05,2.513361456416689,3.3464779913720015,1297.5265535519916,2.513361456416689,320.0536820784648,1.0,55.8477954488739,4160.697867020042,71436.22782879366,10,2024-11-12 14:15:00,,,,
72,0,720,200,244.0,108.10202173223345,0.0021215336063922716,907.2495238976371,0.7546616021973747,0.021215336063922716,2.5345767924806117,3.2892383946779864,1181.2423994003907,2.5345767924806117,273.99287550275363,1.0,56.8477954488739,3561.9073815357974,74998.13521032946,10,2024-11-22 15:18:00,,,,
73,0,730,197,89.0,71.70078606158823,0.00014526320440687255,819.9197824335516,0.7074508525334998,0.0014526320440687256,2.5360294245246804,3.2434802770581803,1001.7550856472885,2.5360294245246804,181.83530321373684,0.1041548594179793,56.951950308291885,2363.858941778579,77361.99415210805,10,2024-11-23 01:18:00,,,,
74,0,740,200,58.0,66.99369945541162,0.001441445758800033,890.4758768058593,0.748560689423877,0.01441445758800033,2.5504438821126807,3.2990045715365577,1061.3395477220095,2.5504438821126807,170.86367091615017,0.9656778394632715,57.91762814775515,2221.2277219099524,79583.221874018,10,2024-11-23 11:18:00,,,,
75,0,750,200,42.0,74.71459770742358,0.003161355095280119,822.1259982948892,0.7301365247675983,0.03161355095280119,2.582057433065482,3.31219395783308,1015.0433806638395,2.582057433065482,192.91738236895026,1.0,58.91762814775515,2507.925970796354,82091.14784481435,10,2024-11-23 21:18:00,,,,
76,0,760,199,244.0,108.10202173223345,0.0021215336063922716,907.2495238976371,0.7546616021973747,0.021215336063922716,2.6032727691294046,3.3579343713267793,1188.6685733609957,2.6032727691294046,281.4190494633585,1.0,59.91762814775515,3658.4476430236605,85749.595487838,10,2024-11-24 07:18:00,,,,
77,0,770,200,209.0,43.89361708312112,0.0005158510209957155,893.409937515771,0.7724731439888262,0.005158510209957155,2.608431279339362,3.3809044233281877,1007.9034212787287,2.608431279339362,114.4934837629577,0.2264256718752301,60.144053819630386,1488.41528891845,87238.01077675645,10,2024-11-24 17:18:00,,,,
78,0,780,179,37.0,43.06630127086964,0.005112358579192788,830.3342324698446,0.7301365247675983,0.05,2.6584312793393616,3.38856780410696,944.8230348537769,2.6584312793393616,114.48880238393234,1.0,61.144053819630386,1488.3544309911204,88726.36520774757,10,2024-11-25 03:18:00,,,,
79,0,790,198,48.0,93.07347311827975,0.005011975342573338,746.8124765683253,0.6686843303035407,0.05,2.7084312793393615,3.3771156096429022,998.8955824386254,2.7084312793393615,252.0831058703001,1.0,62.144053819630386,3277.0803763139015,92003.44558406147,10,2024-11-27 21:18:00,,,,
80,0,800,200,207.0,34.02598600105619,0.004534268889701913,868.3889071389727,0.8035703872102229,0.04534268889701913,2.7537739682363807,3.5573443554466033,962.0887816322568,2.7537739682363807,93.69987449328404,1.0,63.144053819630386,1218.0983684126927,93221.54395247417,10,2024-11-28 07:18:00,,,,
81,0,810,200,211.0,9.493523399475746,0.0028874975100159207,892.2570641193295,0.7882558573116202,0.028874975100159208,2.78264894333654,3.5709048006481603,918.6742069754214,2.78264894333654,26.417142856091903,0.27412525177264097,63.418179071403024,343.42285712919477,93564.96680960336,10,2024-11-28 17:18:00,,,,
82,0,820,200,292.0,34.63987974172677,0.0021568482519033027,865.0031031450781,0.73771172241305,0.02156848251903303,2.804217425855573,3.541929148268623,962.1408575463697,2.804217425855573,97.13775440129166,0.7471296406708402,64.16530871207387,1262.7908072167916,94827.75761682015,10,2024-11-29 03:18:00,,,,
83,0,830,200,164.0,90.74243250044942,0.0024634861304898793,978.3078630978048,0.8226366929788294,0.024634861304898795,2.8288522871604718,3.651488980139301,1235.004800819206,2.8288522871604718,256.69693772140107,1.0,65.16530871207387,3337.0601903782144,98164.81780719836,10,2024-11-29 13:18:00,,,,
84,0,840,200,38.0,55.00507443682669,0.004274756291221845,838.1320692794177,0.7575078865428585,0.04274756291221844,2.8715998500726903,3.629107736615549,996.0846327854464,2.8715998500726903,157.9525635060287,1.0,66.16530871207387,2053.383325578373,100218.20113277672,10,2024-11-29 23:18:00,,,,
85,0,850,200,212.0,63.787365541031306,0.0024149588345181486,971.4542750657859,0.8253536364006725,0.024149588345181487,2.8957494384178717,3.721103074818544,1156.1665030093827,2.8957494384178717,184.7122279435969,1.0,67.16530871207387,2401.25896326676,102619.46009604349,10,2024-11-30 09:18:00,,,,
86,0,860,200,211.0,9.493523399475746,0.0028874975100159207,892.2570641193295,0.7882558573116202,0.028874975100159208,2.924624413518031,3.7128802708296513,920.0220544237409,2.924624413518031,27.76499030441146,0.27412525177264097,67.43943396384651,360.94487395734893,102980.40497000083,10,2024-11-30 19:18:00,,,,
87,0,870,200,207.0,34.02598600105619,0.004534268889701913,868.3889071389727,0.8035703872102229,0.04534268889701913,2.9699671024150502,3.773537489625273,969.4449661893447,2.9699671024150502,101.05605905037191,1.0,68.43943396384651,1313.7287676548349,104294.13373765566,10,2024-12-01 05:18:00,,,,
88,0,880,200,169.0,103.26260006913269,0.0038438567888509664,1030.079984239033,0.9075813409982224,0.03843856788850966,3.00840567030356,3.9159870113017825,1340.7357758173005,3.00840567030356,310.65579157826755,1.0,69.43943396384651,4038.525290517478,108332.65902817313,10,2024-12-01 15:18:00,,,,
89,0,890,200,41.0,72.05674814814817,0.00480003124511796,823.7701302745077,0.747527106598199,0.048000312451179604,3.0564059827547396,3.8039330893529386,1044.0048064123594,3.0564059827547396,220.23467613785158,1.0,70.43943396384651,2863.0507897920706,111195.70981796521,10,2024-12-02 01:18:00,,,,
90,0,900,200,166.0,89.73011103633885,0.00452327436617093,1049.3557050876861,0.941100892640398,0.045232743661709304,3.101638726416449,4.042739619056847,1327.6660924036428,3.101638726416449,278.31038731595663,1.0,71.43943396384651,3618.035035107436,114813.74485307264,10,2024-12-02 11:18:00,,,,
91,0,910,200,244.0,108.10202173223345,0.0021215336063922716,907.2495238976371,0.7546616021973747,0.021215336063922716,3.122854062480372,3.8775156646777464,1244.8363616264837,3.122854062480372,337.58683772884666,1.0,72.43943396384651,4388.628890475007,119202.37374354765,10,2024-12-02 21:18:00,,,,
92,0,920,200,276.0,72.59466637655927,0.006039703989242675,1103.3907818747657,1.0051175124496625,0.05,3.1728540624803716,4.177971574930034,1333.723064002039,3.1728540624803716,230.33228212727334,1.0,73.43943396384651,2994.3196676545535,122196.6934112022,10,2024-12-03 07:18:00,,,,
93,0,930,200,169.0,103.26260006913269,0.0038438567888509664,1030.079984239033,0.9075813409982224,0.03843856788850966,3.2112926303688814,4.118873971367104,1361.686410833768,3.2112926303688814,331.60642659473496,1.0,74.43943396384651,4310.8835457315545,126507.57695693376,10,2024-12-03 17:18:00,,,,
94,0,940,92,204.0,48.738046511628,0.002709433962264154,904.9181199822959,0.7856029361336586,0.02709433962264154,3.238386969991523,4.023989906125181,1062.7507747483928,3.238386969991523,157.8326547660969,1.0,75.43943396384651,2051.82451195926,128559.40146889302,10,2024-12-04 03:18:00,,,,
95,0,950,37,135.0,49.37794893260848,0.0053344872022990895,1343.808839815744,0.9690168576015121,0.05,3.2883869699915227,4.257403827593035,1506.1826436906406,3.2883869699915227,162.37380387489654,1.0,76.43943396384651,2110.8594503736554,130670.26091926667,10,2025-06-26 14:18:00,,,,
96,0,960,200,189.0,3.3177837725668873,0.0032795664635793527,1027.1189719818692,0.8157882672715435,0.032795664635793524,3.3211826346273163,4.136970901898859,1038.1379378327667,3.3211826346273163,11.018965850897452,0.10880892393918148,76.54824288778569,143.2465560616669,130813.50747532834,10,2025-06-26 16:09:00,,,,
97,0,970,174,201.0,53.81915822479515,0.004233598228161901,826.2315718732307,0.7114836025647387,0.04233598228161901,3.3635186169089355,4.075002219473674,1007.2533125086968,3.3635186169089355,181.02174063546616,1.0,77.54824288778569,2353.2826282610604,133166.7901035894,10,2025-06-27 02:09:00,,,,
98,0,980,163,255.0,112.11464589717323,0.006420294323334599,1140.530349391992,0.8526184068452274,0.05,3.4135186169089353,4.266137023754163,1523.235780390146,3.4135186169089353,382.7054309981538,1.0,78.54824288778569,4975.170602976,138141.96070656538,10,2025-07-02 10:21:00,,,,
99,0,990,179,119.0,60.37274500737037,0.031123834099400775,1354.2199174921755,0.9309693493785601,0.05,3.463518616908935,4.394487966287495,1563.3220437790987,3.463518616908935,209.10212628692324,1.0,79.54824288778569,2718.327641730002,140860.28834829538,10,2025-07-07 12:09:00,,,,
100,0,1000,179,91.0,66.52464175416937,0.0014074457842510597,1152.342489662665,0.9322992129113149,0.014074457842510598,3.4775930747514456,4.40989228766276,1383.6881231272853,3.4775930747514456,231.34563346462025,0.936298265857177,80.48454115364287,3007.493235040063,143867.78158333543,10,2025-07-08 10:51:00,,,,
101,0,1010,200,91.0,66.52464175416937,0.0014074457842510597,1152.342489662665,0.9322992129113149,0.014074457842510598,3.491667532593956,4.423966745505271,1384.6244213931425,3.491667532593956,232.28193173047742,0.936298265857177,81.42083941950004,3019.665112496207,146887.44669583163,10,2025-07-09 09:33:00,,,,
102,0,1020,114,161.0,0.21476379691005656,0.005622551951685429,1145.0877275991545,0.8751413354010181,0.05,3.541667532593956,4.416808867994974,1145.8483495658475,3.541667532593956,0.7606219666929495,0.012075206054680116,81.43291462555472,9.888085567008343,146897.33478139865,10,2025-07-09 19:33:00,,,,
103,0,1030,179,99.0,2.070499999999886,0.010001299714062866,1153.8316563746803,0.9378035806801938,0.05,3.5916675325939558,4.529471113274149,1161.2682040009156,3.5916675325939558,7.436547626235376,0.20707691057966024,81.63999153613437,96.67511914105988,146994.0099005397,10,2025-07-11 16:36:00,,,,
104,0,1040,140,233.0,12.05618604651153,0.003207472570920277,1059.4936607060044,0.8452666686354848,0.03207472570920277,3.6237422583031584,4.469008926938644,1103.1821715567132,3.6237422583031584,43.68851085070872,0.3866988605409751,82.02669039667535,567.9506410592134,147561.9605415989,10,2025-07-14 15:45:00,,,,
105,0,1050,149,233.0,12.05618604651153,0.003207472570920277,1059.4936607060044,0.8452666686354848,0.03207472570920277,3.655816984012361,4.501083652647846,1103.5688704172542,3.655816984012361,44.07520971124969,0.3866988605409751,82.41338925721632,572.977726246246,148134.93826784517,10,2025-07-31 16:03:00,,,,
106,0,1060,179,187.0,7.09134466535157,0.0109312236347668,1119.3177084957865,0.911509659826901,0.05,3.705816984012361,4.617326643839262,1145.5969339961318,3.705816984012361,26.279225500345298,0.7751707440816854,83.18856000129801,341.6299315044889,148476.56819934965,10,2025-08-08 10:36:00,,,,
107,0,1070,164,233.0,12.05618604651153,0.003207472570920277,1059.4936607060044,0.8452666686354848,0.03207472570920277,3.7378917097215636,4.583158378357048,1104.5583785801207,3.7378917097215636,45.06471787411624,0.3866988605409751,83.57525886183899,585.8413323635111,149062.40953171317,10,2025-08-11 10:00:00,,,,
108,0,1080,186,233.0,12.05618604651153,0.003207472570920277,1059.4936607060044,0.8452666686354848,0.03207472570920277,3.7699664354307663,4.615233104066251,1104.9450774406616,3.7699664354307663,45.451416734657215,0.3866988605409751,83.96195772237996,590.8684175505438,149653.27794926372,10,2025-08-12 09:00:00,,,,
109,0,1090,178,158.0,38.172909253216545,0.006522646813581317,1138.4008920631704,0.9202243231081615,0.05,3.819966435430766,4.740190758538928,1284.220124153202,3.819966435430766,145.8192320900317,1.0,84.96195772237996,1895.6500171704122,151548.92796643413,10,2025-08-13 09:06:00,,,,
110,0,1100,166,58.0,66.99369945541162,0.001441445758800033,890.4758768058593,0.748560689423877,0.01441445758800033,3.8343808930187664,4.582941582442643,1147.3552379503315,3.8343808930187664,256.87936114447206,0.9656778394632715,85.92763556184323,3339.431694878137,154888.35966131228,10,2025-08-13 18:12:00,,,,
111,0,1110,149,189.0,3.3177837725668873,0.0032795664635793527,1027.1189719818692,0.8157882672715435,0.032795664635793524,3.86717655765456,4.6829648249261036,1039.9494276105065,3.86717655765456,12.830455628637376,0.10880892393918148,86.03644448578241,166.79592317228588,155055.15558448457,10,2025-08-20 08:15:00,,,,
112,0,1120,48,148.0,84.27317258883258,0.016923076923076746,1006.069785230323,0.684555680511361,0.05,3.91717655765456,4.601732238165921,1336.1826813344749,3.91717655765456,330.11289610415184,1.0,87.03644448578241,4291.467649353974,159346.62323383853,10,2025-09-05 09:48:00,,,,
113,1,1130,176,222.0,19.91966206896625,0.0013235031277926503,1051.2343947808868,0.7527097978407997,0.013235031277926503,3.930411588932486,4.683121386773286,1129.5268654243705,3.930411588932486,78.29247064348381,0.26363735052849446,87.30008183631091,1017.8021183652896,160364.42535220383,10,2024-04-16 12:33:00,,,,
114,1,1140,95,222.0,19.91966206896625,0.0013235031277926503,1051.2343947808868,0.7527097978407997,0.013235031277926503,3.9436466202104126,4.696356418051212,1129.790502774899,3.9436466202104126,78.55610799401231,0.26363735052849446,87.5637191868394,1021.2294039221601,161385.654756126,10,2024-04-17 07:21:00,,,,
115,1,1150,143,61.0,80.76884185303496,0.005792163543441226,817.3171335003163,0.7074508525334998,0.05,3.9936466202104124,4.701097472743912,1139.8793457849988,3.9936466202104124,322.56221228468235,1.0,88.5637191868394,4193.308759700871,165578.96351582685,10,2024-07-30 18:48:00,,,,
116,1,1160,145,244.0,108.10202173223345,0.0021215336063922716,907.2495238976371,0.7546616021973747,0.021215336063922716,4.014861956274335,4.769523558471709,1341.2642183467226,4.014861956274335,434.0146944490855,1.0,89.5637191868394,5642.191027838112,171221.15454366498,10,2024-07-31 04:42:00,,,,
117,1,1170,130,290.0,65.40886509470445,0.0013068125270390843,938.9812852574717,0.8197783474028826,0.013068125270390843,4.027930081544726,4.847708428947609,1202.4436205721327,4.027930081544726,263.4623353146609,0.8547712428516928,90.4184904296911,3425.010359090592,174646.16490275555,10,2024-08-01 18:06:00,,,,
118,1,1180,112,204.0,48.738046511628,0.002709433962264154,904.9181199822959,0.7856029361336586,0.02709433962264154,4.055024421167368,4.840627357301027,1102.5520888269384,4.055024421167368,197.6339688446426,1.0,91.4184904296911,2569.241594980354,177215.4064977359,10,2024-08-02 04:06:00,,,,
119,1,1190,162,245.0,5.363131799162968,0.0026903946863864937,949.2563312729213,0.6764722252616302,0.026903946863864936,4.081928368031233,4.758400593292863,971.148251105415,4.081928368031233,21.891919832493702,0.14428941294858486,91.56277984263969,284.5949578224181,177500.00145555832,10,2024-08-02 17:51:00,,,,
120,1,1200,154,38.0,55.00507443682669,0.004274756291221845,838.1320692794177,0.7575078865428585,0.04274756291221844,4.124675930943451,4.882183817486309,1065.0101758887497,4.124675930943451,226.87810660933195,1.0,92.56277984263969,2949.4153859213156,180449.41684147963,10,2024-08-03 02:42:00,,,,
121,1,1210,176,224.0,130.8488009403603,0.004253106410871949,1022.0896580430106,0.7837266640815145,0.042531064108719485,4.167206995052171,4.950933659133685,1567.363696615869,4.167206995052171,545.2740385728584,1.0,93.56277984263969,7088.56250144716,187537.9793429268,10,2024-08-07 12:21:00,,,,
122,1,1220,138,225.0,118.24390579529708,0.006691673270145363,987.6416386550757,0.7010525615958729,0.05,4.2172069950521704,4.918259556648043,1486.3006652972924,4.2172069950521704,498.6590266422167,1.0,94.56277984263969,6482.5673463488165,194020.5466892756,10,2024-08-12 18:48:00,,,,
123,1,1230,118,224.0,130.8488009403603,0.004253106410871949,1022.0896580430106,0.7837266640815145,0.042531064108719485,4.25973805916089,5.043464723242405,1579.4712754042307,4.25973805916089,557.38161736122,1.0,95.56277984263969,7245.96102569586,201266.50771497146,10,2024-08-13 15:06:00,,,,
124,1,1240,123,225.0,118.24390579529708,0.006691673270145363,987.6416386550757,0.7010525615958729,0.05,4.30973805916089,5.0107906207567625,1497.2418997249024,4.30973805916089,509.60026106982673,1.0,96.56277984263969,6624.803393907749,207891.31110887922,10,2024-08-14 13:21:00,,,,
125,1,1250,129,245.0,5.363131799162968,0.0026903946863864937,949.2563312729213,0.6764722252616302,0.026903946863864936,4.336642006024754,5.013114231286385,972.5143139170186,4.336642006024754,23.257982644097243,0.14428941294858486,96.70706925558827,302.3537743732642,208193.6648832525,10,2024-10-02 10:54:00,,,,
126,1,1260,179,237.0,122.93997842262084,0.0038762443818206437,1076.3752142825376,0.813768073897183,0.03876244381820644,4.375404449842961,5.189172523740144,1614.2873429364704,4.375404449842961,537.9121286539328,1.0,97.70706925558827,6992.857672501126,215186.52255575362,10,2024-11-11 13:48:00,,,,
127,1,1270,179,163.0,127.34088893635173,0.008901615322587653,977.4728714735267,0.8331165349553123,0.05,4.4254044498429606,5.258520984798273,1541.0078080194157,4.4254044498429606,563.5349365458892,1.0,98.70706925558827,7325.954175096559,222512.47673085018,10,2024-11-12 14:15:00,,,,
128,1,1280,200,244.0,108.10202173223345,0.0021215336063922716,907.2495238976371,0.7546616021973747,0.021215336063922716,4.446619785906884,5.201281388104258,1387.9381126287224,4.446619785906884,480.6885887310852,1.0,99.70706925558827,6248.951653504108,228761.42838435428,10,2024-11-22 15:18:00,,,,
129,1,1290,197,89.0,71.70078606158823,0.00014526320440687255,819.9197824335516,0.7074508525334998,0.0014526320440687256,4.448072417950953,5.155523270484452,1138.8500712595044,4.448072417950953,318.93028882595274,0.1041548594179793,99.81122411500624,4146.093754737386,232907.52213909166,10,2024-11-23 01:18:00,,,,
130,1,1300,200,58.0,66.99369945541162,0.001441445758800033,890.4758768058593,0.748560689423877,0.01441445758800033,4.4624868755389535,5.211047564962831,1189.4343813694347,4.4624868755389535,298.95850456357545,0.9656778394632715,100.77690195446951,3886.460559326481,236793.98269841814,10,2024-11-23 11:18:00,,,,
131,1,1310,200,42.0,74.71459770742358,0.003161355095280119,822.1259982948892,0.7301365247675983,0.03161355095280119,4.494100426491754,5.2242369512593525,1157.9009037169812,4.494100426491754,335.77490542209216,1.0,101.77690195446951,4365.073770487198,241159.05646890533,10,2024-11-23 21:18:00,,,,
132,1,1320,199,244.0,108.10202173223345,0.0021215336063922716,907.2495238976371,0.7546616021973747,0.021215336063922716,4.5153157625556775,5.269977364753052,1395.364286589327,4.5153157625556775,488.1147626916901,1.0,102.77690195446951,6345.4919149919715,247504.5483838973,10,2024-11-24 07:18:00,,,,
133,1,1330,200,209.0,43.89361708312112,0.0005158510209957155,893.409937515771,0.7724731439888262,0.005158510209957155,4.520474272765634,5.29294741675446,1091.8299042786462,4.520474272765634,198.41996676287516,0.2264256718752301,103.00332762634474,2579.459567917377,250084.00795181465,10,2024-11-24 17:18:00,,,,
134,1,1340,179,37.0,43.06630127086964,0.005112358579192788,830.3342324698446,0.7301365247675983,0.05,4.570474272765634,5.300610797533232,1027.167654451528,4.570474272765634,196.8334219816836,1.0,104.00332762634474,2558.8344857618868,252642.84243757653,10,2024-11-25 03:18:00,,,,
135,1,1350,198,48.0,93.07347311827975,0.005011975342573338,746.8124765683253,0.6686843303035407,0.05,4.620474272765634,5.289158603069175,1176.8560645882808,4.620474272765634,430.0435880199554,1.0,105.00332762634474,5590.56664425942,258233.40908183594,10,2024-11-27 21:18:00,,,,
136,1,1360,200,207.0,34.02598600105619,0.004534268889701913,868.3889071389727,0.8035703872102229,0.04534268889701913,4.665816961662653,5.469387348872876,1027.1479297599967,4.665816961662653,158.75902262102395,1.0,106.00332762634474,2063.8672940733113,260297.27637590925,10,2024-11-28 07:18:00,,,,
137,1,1370,200,211.0,9.493523399475746,0.0028874975100159207,892.2570641193295,0.7882558573116202,0.028874975100159208,4.694691936762812,5.482947794074432,936.8262318743174,4.694691936762812,44.569167754987866,0.27412525177264097,106.27745287811739,579.3991808148423,260876.6755567241,10,2024-11-28 17:18:00,,,,
138,1,1380,200,292.0,34.63987974172677,0.0021568482519033027,865.0031031450781,0.73771172241305,0.02156848251903303,4.716260419281845,5.453972141694895,1028.373796899667,4.716260419281845,163.37069375458898,0.7471296406708402,107.02458251878822,2123.819018809657,263000.4945755338,10,2024-11-29 03:18:00,,,,
139,1,1390,200,164.0,90.74243250044942,0.0024634861304898793,978.3078630978048,0.8226366929788294,0.024634861304898795,4.740895280586744,5.563531973565573,1408.5082330881467,4.740895280586744,430.20036999034187,1.0,108.02458251878822,5592.604809874445,268593.0993854082,10,2024-11-29 13:18:00,,,,
140,1,1400,200,38.0,55.00507443682669,0.004274756291221845,838.1320692794177,0.7575078865428585,0.04274756291221844,4.783642843498963,5.541150730041821,1101.2566999652713,4.783642843498963,263.12463068585373,1.0,109.02458251878822,3420.6201989160986,272013.71958432434,10,2024-11-29 23:18:00,,,,
141,1,1410,200,212.0,63.787365541031306,0.0024149588345181486,971.4542750657859,0.8253536364006725,0.024149588345181487,4.8077924318441445,5.633146068244817,1278.1306883612322,4.8077924318441445,306.6764132954463,1.0,110.02458251878822,3986.793372840802,276000.51295716513,10,2024-11-30 09:18:00,,,,
142,1,1420,200,211.0,9.493523399475746,0.0028874975100159207,892.2570641193295,0.7882558573116202,0.028874975100159208,4.836667406944303,5.624923264255924,938.1740793226369,4.836667406944303,45.91701520330743,0.27412525177264097,110.29870777056087,596.9211976429966,276597.4341548081,10,2024-11-30 19:18:00,,,,
143,1,1430,200,207.0,34.02598600105619,0.004534268889701913,868.3889071389727,0.8035703872102229,0.04534268889701913,4.882010095841323,5.685580483051545,1034.5041143170845,4.882010095841323,166.11520717811183,1.0,111.29870777056087,2159.497693315454,278756.93184812355,10,2024-12-01 05:18:00,,,,
144,1,1440,200,169.0,103.26260006913269,0.0038438567888509664,1030.079984239033,0.9075813409982224,0.03843856788850966,4.920448663729832,5.828030004728054,1538.178306762465,4.920448663729832,508.09832252343205,1.0,112.29870777056087,6605.278192804617,285362.21004092816,10,2024-12-01 15:18:00,,,,
145,1,1450,200,41.0,72.05674814814817,0.00480003124511796,823.7701302745077,0.747527106598199,0.048000312451179604,4.968448976181012,5.7159760827792105,1181.7804068381074,4.968448976181012,358.0102765635998,1.0,113.29870777056087,4654.133595326797,290016.34363625495,10,2024-12-02 01:18:00,,,,
146,1,1460,200,166.0,89.73011103633885,0.00452327436617093,1049.3557050876861,0.941100892640398,0.045232743661709304,5.0136817198427215,5.954782612483119,1499.2339225100359,5.0136817198427215,449.87821742234973,1.0,114.29870777056087,5848.416826490547,295864.7604627455,10,2024-12-02 11:18:00,,,,
147,1,1470,200,244.0,108.10202173223345,0.0021215336063922716,907.2495238976371,0.7546616021973747,0.021215336063922716,5.034897055906645,5.789558658104019,1451.5320748548154,5.034897055906645,544.2825509571783,1.0,115.29870777056087,7075.673162443318,302940.43362518883,10,2024-12-02 21:18:00,,,,
