iteration,data_cycle,cumulative_running_hours,data_points_in_hour,nearest_cluster_id,slope_power_vs_small_delta_t,slope_small_delta_t,initial_power,initial_small_delta_t,step_small_delta_t_increase,cumulative_small_delta_t_increase,new_small_delta_t,new_power,small_delta_t_difference,power_difference,period_cost,cumulative_cost,period,start_date,current_date,predicted_end_date,current_running_hour
,,,,,,,,,,,,,,,,,,2024-09-05,2024-11-14,2027-11-14,882.0
1,0,10,42,37.0,140.8729284057014,0.00032223457017047644,1304.06612332207,1.8929721035018403,0.0032223457017047643,0.0032223457017047643,1.896194449203545,1304.5200645974048,0.0032223457017047643,0.45394127533467493,5.901236579350774,5.901236579350774,10,,,,
2,0,20,66,37.0,140.8729284057014,0.00032223457017047644,1304.06612332207,1.8929721035018403,0.0032223457017047643,0.006444691403409529,1.8994167949052498,1304.9740058727396,0.006444691403409529,0.9078825506693499,11.802473158701549,17.703709738052325,10,,,,
3,0,30,112,37.0,140.8729284057014,0.00032223457017047644,1304.06612332207,1.8929721035018403,0.0032223457017047643,0.009667037105114292,1.9026391406069545,1305.427947148074,0.009667037105114292,1.3618238260040245,17.70370973805232,35.40741947610465,10,,,,
4,0,40,6,16.0,100.71182891465925,0.000705997116851687,1354.5918229559952,1.8819975000494924,0.00705997116851687,0.01672700827363116,1.8987245083231237,1356.2764305515032,0.01672700827363116,1.6846075955080313,21.899898741604407,57.30731821770905,10,,,,
5,0,50,19,37.0,140.8729284057014,0.00032223457017047644,1304.06612332207,1.8929721035018403,0.0032223457017047643,0.019949353975335926,1.9129214574771762,1306.8764472363775,0.019949353975335926,2.8103239143074927,36.53421088599741,93.84152910370646,10,,,,
6,0,60,12,37.0,140.8729284057014,0.00032223457017047644,1304.06612332207,1.8929721035018403,0.0032223457017047643,0.02317169967704069,1.916143803178881,1307.3303885117123,0.02317169967704069,3.2642651896421677,42.435447465348176,136.27697656905463,10,,,,
7,0,70,12,37.0,140.8729284057014,0.00032223457017047644,1304.06612332207,1.8929721035018403,0.0032223457017047643,0.026394045378745457,1.9193661488805858,1307.784329787047,0.026394045378745457,3.7182064649768427,48.33668404469896,184.61366061375358,10,,,,
8,0,80,15,37.0,140.8729284057014,0.00032223457017047644,1304.06612332207,1.8929721035018403,0.0032223457017047643,0.02961639108045022,1.9225884945822904,1308.2382710623817,0.02961639108045022,4.172147740311518,54.237920624049735,238.85158123780332,10,,,,
9,0,90,105,25.0,129.02573332124248,0.0006732523892065888,1237.7992034086635,1.7336810803026288,0.006732523892065888,0.03634891497251611,1.7700299952751448,1242.489148818424,0.03634891497251611,4.689945409760382,60.969290326884966,299.8208715646883,10,,,,
10,0,100,100,29.0,292.66465384988993,0.0010896312401945357,1252.6021111711066,1.7282187609308495,0.010896312401945357,0.04724522737446147,1.775463988305311,1266.4291192867126,0.04724522737446147,13.82700811560611,179.75110550287945,479.57197706756773,10,,,,
11,0,110,16,29.0,292.66465384988993,0.0010896312401945357,1252.6021111711066,1.7282187609308495,0.010896312401945357,0.05814153977640683,1.7863603007072564,1269.6180847840683,0.05814153977640683,17.015973612961712,221.20765696850228,700.77963403607,10,,,,
12,0,120,115,29.0,292.66465384988993,0.0010896312401945357,1252.6021111711066,1.7282187609308495,0.010896312401945357,0.06903785217835218,1.7972566131092016,1272.807050281424,0.06903785217835218,20.20493911031731,262.664208434125,963.443842470195,10,,,,
13,0,130,104,55.0,178.23238710886417,0.0006357395763863609,1134.7143727386494,1.5044998404906829,0.00635739576386361,0.07539524794221579,1.5798950884328986,1148.1522477560552,0.07539524794221579,13.4378750174058,174.6923752262754,1138.1362176964703,10,,,,
14,0,140,40,29.0,292.66465384988993,0.0010896312401945357,1252.6021111711066,1.7282187609308495,0.010896312401945357,0.08629156034416115,1.8145103212750107,1277.8566008093974,0.08629156034416115,25.25448963829081,328.30836529778054,1466.4445829942508,10,,,,
15,0,150,65,29.0,292.66465384988993,0.0010896312401945357,1252.6021111711066,1.7282187609308495,0.010896312401945357,0.0971878727461065,1.8254066336769559,1281.045566306753,0.0971878727461065,28.443455135646413,369.7649167634034,1836.2094997576542,10,,,,
16,0,160,69,37.0,140.8729284057014,0.00032223457017047644,1304.06612332207,1.8929721035018403,0.0032223457017047643,0.10041021844781127,1.9933823219496516,1318.2112048366694,0.10041021844781127,14.145081514599354,183.8860596897916,2020.0955594474458,10,,,,
17,0,170,46,37.0,140.8729284057014,0.00032223457017047644,1304.06612332207,1.8929721035018403,0.0032223457017047643,0.10363256414951603,1.9966046676513562,1318.665146112004,0.10363256414951603,14.59902278993403,189.78729626914242,2209.882855716588,10,,,,
18,0,180,50,55.0,178.23238710886417,0.0006357395763863609,1134.7143727386494,1.5044998404906829,0.00635739576386361,0.10998995991337965,1.6144898004040624,1154.3181458520194,0.10998995991337965,19.603773113369932,254.84905047380914,2464.7319061903972,10,,,,
19,0,190,91,29.0,292.66465384988993,0.0010896312401945357,1252.6021111711066,1.7282187609308495,0.010896312401945357,0.120886272315325,1.8491050332461745,1287.9812502134746,0.120886272315325,35.379139042368124,459.92880755078556,2924.660713741183,10,,,,
20,0,200,2,23.0,264.78601755393345,0.0019431734943233133,1279.7887314568495,1.7742941514131914,0.019431734943233133,0.14031800725855814,1.9146121586717495,1316.942977789947,0.14031800725855814,37.15424633309754,483.00520233026805,3407.6659160714507,10,,,,
21,0,210,15,37.0,140.8729284057014,0.00032223457017047644,1304.06612332207,1.8929721035018403,0.0032223457017047643,0.1435403529602629,2.0365124564621033,1324.2870731879702,0.1435403529602629,20.220949865900227,262.87234825670294,3670.5382643281537,10,,,,
22,0,220,105,25.0,129.02573332124248,0.0006732523892065888,1237.7992034086635,1.7336810803026288,0.006732523892065888,0.1502728768523288,1.8839539571549575,1257.188271542828,0.1502728768523288,19.389068134164486,252.05788574413833,3922.596150072292,10,,,,
23,0,230,100,29.0,292.66465384988993,0.0010896312401945357,1252.6021111711066,1.7282187609308495,0.010896312401945357,0.16116918925427415,1.8893879501851236,1299.770636155476,0.16116918925427415,47.16852498436954,613.190824796804,4535.7869748690955,10,,,,
24,0,240,16,29.0,292.66465384988993,0.0010896312401945357,1252.6021111711066,1.7282187609308495,0.010896312401945357,0.1720655016562195,1.900284262587069,1302.9596016528317,0.1720655016562195,50.357490481725144,654.647376262427,5190.434351131523,10,,,,
25,0,250,115,29.0,292.66465384988993,0.0010896312401945357,1252.6021111711066,1.7282187609308495,0.010896312401945357,0.18296181405816486,1.9111805749890143,1306.1485671501873,0.18296181405816486,53.54645597908075,696.1039277280497,5886.5382788595725,10,,,,
26,0,260,104,55.0,178.23238710886417,0.0006357395763863609,1134.7143727386494,1.5044998404906829,0.00635739576386361,0.18931920982202846,1.6938190503127113,1168.4571874307935,0.18931920982202846,33.74281469214406,438.6565909978728,6325.194869857445,10,,,,
27,0,270,40,29.0,292.66465384988993,0.0010896312401945357,1252.6021111711066,1.7282187609308495,0.010896312401945357,0.20021552222397382,1.9284342831548233,1311.1981176781608,0.20021552222397382,58.59600650705424,761.7480845917053,7086.94295444915,10,,,,
28,0,280,65,29.0,292.66465384988993,0.0010896312401945357,1252.6021111711066,1.7282187609308495,0.010896312401945357,0.21111183462591918,1.9393305955567686,1314.3870831755164,0.21111183462591918,61.784972004409845,803.204636057328,7890.147590506478,10,,,,
29,0,290,69,37.0,140.8729284057014,0.00032223457017047644,1304.06612332207,1.8929721035018403,0.0032223457017047643,0.21433418032762394,2.1073062838294643,1334.260006962258,0.21433418032762394,30.193883640188062,392.5204873224448,8282.668077828923,10,,,,
30,0,300,200,61.0,138.10484468144188,0.0013152882732808148,1242.925056445266,1.7204138754381368,0.013152882732808149,0.2274870630604321,1.9479009384985688,1274.3421219562642,0.2274870630604321,31.41706551099835,408.42185164297854,8691.089929471902,10,,,,
31,0,310,200,45.0,52.86555078422901,0.0007510854736084213,1142.1388988642605,1.4366417799679754,0.0075108547360842135,0.2349979177965163,1.6716396977644916,1154.5621932217202,0.2349979177965163,12.423294357459806,161.5028266469775,8852.59275611888,10,,,,
32,0,320,200,61.0,138.10484468144188,0.0013152882732808148,1242.925056445266,1.7204138754381368,0.013152882732808149,0.24815080052932445,1.9685646759674613,1277.1958842099436,0.24815080052932445,34.27082776467782,445.52076094081167,9298.113517059692,10,,,,
33,0,330,200,56.0,197.62490333221405,0.0018900049386348624,1170.8104815230693,1.5005995456635928,0.018900049386348622,0.26705084991567307,1.767650395579266,1223.5863799224398,0.26705084991567307,52.77589839937049,686.0866791918164,9984.200196251508,10,,,,
34,0,340,196,61.0,138.10484468144188,0.0013152882732808148,1242.925056445266,1.7204138754381368,0.013152882732808149,0.2802037326484812,2.000617608086618,1281.6225494218447,0.2802037326484812,38.69749297657876,503.06740869552385,10487.267604947032,10,,,,
35,0,350,146,25.0,129.02573332124248,0.0006732523892065888,1237.7992034086635,1.7336810803026288,0.006732523892065888,0.2869362565405471,2.020617336843176,1274.8213643252598,0.2869362565405471,37.02216091659625,481.28809191575124,10968.555696862782,10,,,,
36,0,360,200,56.0,197.62490333221405,0.0018900049386348624,1170.8104815230693,1.5005995456635928,0.018900049386348622,0.3058363059268957,1.8064358515904884,1231.2513519173535,0.3058363059268957,60.440870394284204,785.7313151256947,11754.287011988477,10,,,,
37,0,370,46,37.0,140.8729284057014,0.00032223457017047644,1304.06612332207,1.8929721035018403,0.0032223457017047643,0.30905865162860047,2.2020307551304406,1347.6041206261086,0.30905865162860047,43.53799730403844,565.9939649524997,12320.280976940978,10,,,,
38,0,380,50,55.0,178.23238710886417,0.0006357395763863609,1134.7143727386494,1.5044998404906829,0.00635739576386361,0.3154160473924641,1.819915887883147,1190.931727797851,0.3154160473924641,56.21735505920151,730.8256157696196,13051.106592710597,10,,,,
39,0,390,91,29.0,292.66465384988993,0.0010896312401945357,1252.6021111711066,1.7282187609308495,0.010896312401945357,0.3263123597944094,2.054531120725259,1348.1022049972782,0.3263123597944094,95.50009382617158,1241.5012197402305,14292.607812450828,10,,,,
40,0,400,199,62.0,173.7695064879016,0.0006497863054926435,1207.843162181051,1.7330072964088659,0.006497863054926435,0.33281022284933587,2.065817519258202,1265.6754303597086,0.33281022284933587,57.83226817865764,751.8194863225494,15044.427298773377,10,,,,
41,0,410,200,22.0,119.72807709121598,0.0009113350733976853,1203.886071095257,1.6269789492800633,0.009113350733976852,0.3419235735833127,1.968902522863376,1244.823923072544,0.3419235735833127,40.937851977286925,532.1920757047301,15576.619374478107,10,,,,
42,0,420,200,56.0,197.62490333221405,0.0018900049386348624,1170.8104815230693,1.5005995456635928,0.018900049386348622,0.3608236229696613,1.861423168633254,1242.1182151324278,0.3608236229696613,71.30773360935856,927.0005369216614,16503.619911399768,10,,,,
43,0,430,200,22.0,119.72807709121598,0.0009113350733976853,1203.886071095257,1.6269789492800633,0.009113350733976852,0.36993697370363815,1.9969159229837015,1248.1779136017374,0.36993697370363815,44.29184250648033,575.7939525842443,17079.413863984013,10,,,,
44,0,440,2,23.0,264.78601755393345,0.0019431734943233133,1279.7887314568495,1.7742941514131914,0.019431734943233133,0.3893687086468713,2.1636628600600627,1382.8881211795724,0.3893687086468713,103.09938972272286,1340.2920663953973,18419.70593037941,10,,,,
45,0,450,200,44.0,8.786048714477513,0.0005991682915312562,1114.5982488700788,1.393402046575842,0.005991682915312563,0.39536039156218383,1.788762438138026,1118.0719045301191,0.39536039156218383,3.4736556600402513,45.15752358052326,18464.863453959933,10,,,,
46,0,460,200,22.0,119.72807709121598,0.0009113350733976853,1203.886071095257,1.6269789492800633,0.009113350733976852,0.4044737422961607,2.031452691576224,1252.3129344942643,0.4044737422961607,48.42686339900735,629.5492241870955,19094.41267814703,10,,,,
47,0,470,200,56.0,197.62490333221405,0.0018900049386348624,1170.8104815230693,1.5005995456635928,0.018900049386348622,0.4233737916825093,1.923973337346102,1254.4796861777181,0.4233737916825093,83.66920465464884,1087.699660510435,20182.112338657465,10,,,,
48,0,480,200,62.0,173.7695064879016,0.0006497863054926435,1207.843162181051,1.7330072964088659,0.006497863054926435,0.42987165473743577,2.162878951146302,1282.5417474779128,0.42987165473743577,74.69858529686184,971.0816088592038,21153.19394751667,10,,,,
49,0,490,12,37.0,140.8729284057014,0.00032223457017047644,1304.06612332207,1.8929721035018403,0.0032223457017047643,0.43309400043914054,2.3260661039409807,1365.077343438872,0.43309400043914054,61.01122011680186,793.1458615184242,21946.339809035093,10,,,,
50,0,500,22,37.0,140.8729284057014,0.00032223457017047644,1304.06612332207,1.8929721035018403,0.0032223457017047643,0.4363163461408453,2.3292884496426858,1365.5312847142065,0.4363163461408453,61.46516139213653,799.0470980977749,22745.386907132866,10,,,,
51,0,510,8,29.0,292.66465384988993,0.0010896312401945357,1252.6021111711066,1.7282187609308495,0.010896312401945357,0.4472126585427907,2.1754314194736404,1383.4854490808214,0.4472126585427907,130.88333790971487,1701.4833928262933,24446.87029995916,10,,,,
52,0,520,200,25.0,129.02573332124248,0.0006732523892065888,1237.7992034086635,1.7336810803026288,0.006732523892065888,0.4539451824348566,2.1876262627374854,1296.369813459966,0.4539451824348566,58.57061005130257,761.4179306669336,25208.28823062609,10,,,,
53,0,530,198,22.0,119.72807709121598,0.0009113350733976853,1203.886071095257,1.6269789492800633,0.009113350733976852,0.46305853316883344,2.0900374824488965,1259.3271788522404,0.46305853316883344,55.441107756983484,720.7344008407853,25929.022631466876,10,,,,
54,0,540,29,13.0,3.560992063492415,0.014751552795031025,931.8404695363166,1.4096673248072147,0.05,0.5130585331688334,1.9227258579760482,933.6674669010379,0.5130585331688334,1.8269973647212758,23.75096574137659,25952.773597208252,10,,,,
55,0,550,184,45.0,52.86555078422901,0.0007510854736084213,1142.1388988642605,1.4366417799679754,0.0075108547360842135,0.5205693879049177,1.957211167872893,1169.659086277263,0.5205693879049177,27.520187413002436,357.76243636903166,26310.536033577282,10,,,,
56,0,560,200,45.0,52.86555078422901,0.0007510854736084213,1142.1388988642605,1.4366417799679754,0.0075108547360842135,0.528080242641002,1.9647220226089774,1170.0561517497463,0.528080242641002,27.917252885485865,362.92428751131627,26673.460321088598,10,,,,
57,0,570,200,45.0,52.86555078422901,0.0007510854736084213,1142.1388988642605,1.4366417799679754,0.0075108547360842135,0.5355910973770862,1.9722328773450615,1170.4532172222298,0.5355910973770862,28.314318357969295,368.08613865360087,27041.5464597422,10,,,,
58,0,580,200,45.0,52.86555078422901,0.0007510854736084213,1142.1388988642605,1.4366417799679754,0.0075108547360842135,0.5431019521131705,1.979743732081146,1170.850282694713,0.5431019521131705,28.711383830452725,373.2479897958854,27414.794449538083,10,,,,
59,0,590,200,45.0,52.86555078422901,0.0007510854736084213,1142.1388988642605,1.4366417799679754,0.0075108547360842135,0.5506128068492547,1.98725458681723,1171.2473481671966,0.5506128068492547,29.108449302936155,378.40984093816996,27793.204290476253,10,,,,
60,0,600,200,61.0,138.10484468144188,0.0013152882732808148,1242.925056445266,1.7204138754381368,0.013152882732808149,0.5637656895820629,2.2841795650201995,1320.7838294417227,0.5637656895820629,77.85877299645676,1012.1640489539379,28805.36833943019,10,,,,
61,0,610,200,45.0,52.86555078422901,0.0007510854736084213,1142.1388988642605,1.4366417799679754,0.0075108547360842135,0.5712765443181471,2.0079183242861225,1172.3397480297504,0.5712765443181471,30.20084916548986,392.61103915136823,29197.97937858156,10,,,,
62,0,620,200,61.0,138.10484468144188,0.0013152882732808148,1242.925056445266,1.7204138754381368,0.013152882732808149,0.5844294270509552,2.304843302489092,1323.637591695402,0.5844294270509552,80.71253525013624,1049.2629582517711,30247.242336833333,10,,,,
63,0,630,200,56.0,197.62490333221405,0.0018900049386348624,1170.8104815230693,1.5005995456635928,0.018900049386348622,0.6033294764373038,2.1039290221008966,1290.0434109814666,0.6033294764373038,119.23292945839748,1550.0280829591675,31797.2704197925,10,,,,
64,0,640,196,61.0,138.10484468144188,0.0013152882732808148,1242.925056445266,1.7204138754381368,0.013152882732808149,0.616482359170112,2.3368962346082487,1328.0642569073032,0.616482359170112,85.13920046203718,1106.8096060064834,32904.08002579898,10,,,,
65,0,650,146,25.0,129.02573332124248,0.0006732523892065888,1237.7992034086635,1.7336810803026288,0.006732523892065888,0.6232148830621779,2.356895963364807,1318.2099607124735,0.6232148830621779,80.41075730380989,1045.3398449495287,33949.41987074851,10,,,,
66,0,660,200,56.0,197.62490333221405,0.0018900049386348624,1170.8104815230693,1.5005995456635928,0.018900049386348622,0.6421149324485265,2.1427144781121195,1297.7083829763806,0.6421149324485265,126.89790145331119,1649.6727188930456,35599.09258964156,10,,,,
67,0,670,200,16.0,100.71182891465925,0.000705997116851687,1354.5918229559952,1.8819975000494924,0.00705997116851687,0.6491749036170433,2.5311724036665355,1419.9714147847653,0.6491749036170433,65.37959182877007,849.934693774011,36449.02728341557,10,,,,
68,0,680,199,22.0,119.72807709121598,0.0009113350733976853,1203.886071095257,1.6269789492800633,0.009113350733976852,0.6582882543510202,2.2852672036310837,1282.7016579604378,0.6582882543510202,78.81558686518095,1024.6026292473523,37473.629912662924,10,,,,
69,0,690,200,62.0,173.7695064879016,0.0006497863054926435,1207.843162181051,1.7330072964088659,0.006497863054926435,0.6647861174059466,2.3977934138148127,1323.3627177226906,0.6647861174059466,115.51955554163955,1501.7542220413143,38975.38413470424,10,,,,
70,0,700,199,62.0,173.7695064879016,0.0006497863054926435,1207.843162181051,1.7330072964088659,0.006497863054926435,0.671283980460873,2.404291276869739,1324.491848178971,0.671283980460873,116.64868599792008,1516.4329179729611,40491.8170526772,10,,,,
71,0,710,200,22.0,119.72807709121598,0.0009113350733976853,1203.886071095257,1.6269789492800633,0.009113350733976852,0.6803973311948499,2.307376280474913,1285.3487352172115,0.6803973311948499,81.4626641219546,1059.01463358541,41550.83168626261,10,,,,
72,0,720,200,56.0,197.62490333221405,0.0018900049386348624,1170.8104815230693,1.5005995456635928,0.018900049386348622,0.6992973805811985,2.1998969262447914,1309.009058760899,0.6992973805811985,138.19857723782985,1796.581504091788,43347.4131903544,10,,,,
73,0,730,200,22.0,119.72807709121598,0.0009113350733976853,1203.886071095257,1.6269789492800633,0.009113350733976852,0.7084107313151754,2.3353896805952385,1288.702725746405,0.7084107313151754,84.81665465114801,1102.6165104649242,44450.02970081932,10,,,,
74,0,740,200,56.0,197.62490333221405,0.0018900049386348624,1170.8104815230693,1.5005995456635928,0.018900049386348622,0.727310780701524,2.2279103263651168,1314.5452042516852,0.727310780701524,143.73472272861582,1868.5513954720057,46318.58109629133,10,,,,
75,0,750,200,44.0,8.786048714477513,0.0005991682915312562,1114.5982488700788,1.393402046575842,0.005991682915312563,0.7333024636168366,2.1267045101926785,1121.0410800378627,0.7333024636168366,6.4428311677839005,83.7568051811907,46402.33790147252,10,,,,
76,0,760,200,22.0,119.72807709121598,0.0009113350733976853,1203.886071095257,1.6269789492800633,0.009113350733976852,0.7424158143508135,2.3693947636308765,1292.774088949589,0.7424158143508135,88.88801785433209,1155.5442321063172,47557.88213357884,10,,,,
77,0,770,200,56.0,197.62490333221405,0.0018900049386348624,1170.8104815230693,1.5005995456635928,0.018900049386348622,0.7613158637371621,2.2619154094007548,1321.265455499407,0.7613158637371621,150.4549739763377,1955.9146616923904,49513.79679527123,10,,,,
78,0,780,200,62.0,173.7695064879016,0.0006497863054926435,1207.843162181051,1.7330072964088659,0.006497863054926435,0.7678137267920885,2.5008210232009542,1341.2657745603487,0.7678137267920885,133.42261237929773,1734.4939609308703,51248.2907562021,10,,,,
79,0,790,200,52.0,131.00243191893603,0.0002301614054186654,1117.8113310092135,1.531087339089409,0.002301614054186654,0.7701153408462751,2.301202679935684,1218.6983135181558,0.7701153408462751,100.88698250894237,1311.5307726162507,52559.82152881835,10,,,,
80,0,800,200,62.0,173.7695064879016,0.0006497863054926435,1207.843162181051,1.7330072964088659,0.006497863054926435,0.7766132039012015,2.509620500310067,1342.7948553549509,0.7766132039012015,134.95169317389988,1754.3720112606984,54314.193540079046,10,,,,
81,0,810,198,61.0,138.10484468144188,0.0013152882732808148,1242.925056445266,1.7204138754381368,0.013152882732808149,0.7897660866340096,2.5101799620721463,1351.995579174526,0.7897660866340096,109.07052272926006,1417.9167954803806,55732.110335559424,10,,,,
82,0,820,200,25.0,129.02573332124248,0.0006732523892065888,1237.7992034086635,1.7336810803026288,0.006732523892065888,0.7964986105260755,2.5301796908287044,1340.568020721141,0.7964986105260755,102.7688173124776,1335.9946250622088,57068.10496062163,10,,,,
83,0,830,198,22.0,119.72807709121598,0.0009113350733976853,1203.886071095257,1.6269789492800633,0.009113350733976852,0.8056119612600524,2.4325909105401156,1300.3404420986062,0.8056119612600524,96.45437100334925,1253.9068230435403,58322.01178366517,10,,,,
84,0,840,200,61.0,138.10484468144188,0.0013152882732808148,1242.925056445266,1.7204138754381368,0.013152882732808149,0.8187648439928605,2.539178719430997,1356.0004480555249,0.8187648439928605,113.07539161025899,1469.980090933367,59791.991874598534,10,,,,
85,0,850,179,13.0,3.560992063492415,0.014751552795031025,931.8404695363166,1.4096673248072147,0.05,0.8687648439928606,2.2784321688000753,934.9341342508164,0.8687648439928606,3.093664714499803,40.21764128849743,59832.20951588703,10,,,,
86,0,860,179,13.0,3.560992063492415,0.014751552795031025,931.8404695363166,1.4096673248072147,0.05,0.9187648439928606,2.3284321688000755,935.112183853991,0.9187648439928606,3.2717143176744234,42.5322861297675,59874.7418020168,10,,,,
87,0,870,178,61.0,138.10484468144188,0.0013152882732808148,1242.925056445266,1.7204138754381368,0.013152882732808149,0.9319177267256687,2.6523316021638057,1371.6274093505967,0.9319177267256687,128.70235290533088,1673.1305877693014,61547.8723897861,10,,,,
88,0,880,48,23.0,264.78601755393345,0.0019431734943233133,1279.7887314568495,1.7742941514131914,0.019431734943233133,0.9513494616689019,2.7256436130820934,1531.6927667142365,0.9513494616689019,251.904035257387,3274.7524583460313,64822.62484813213,10,,,,
89,0,890,200,45.0,52.86555078422901,0.0007510854736084213,1142.1388988642605,1.4366417799679754,0.0075108547360842135,0.9588603164049861,2.3955020963729616,1192.8295776161501,0.9588603164049861,50.69067875188969,658.978823774566,65481.6036719067,10,,,,
90,0,900,200,61.0,138.10484468144188,0.0013152882732808148,1242.925056445266,1.7204138754381368,0.013152882732808149,0.9720131991377943,2.692427074575931,1377.1647883405024,0.9720131991377943,134.2397318952365,1745.1165146380745,67226.72018654477,10,,,,
91,0,910,200,56.0,197.62490333221405,0.0018900049386348624,1170.8104815230693,1.5005995456635928,0.018900049386348622,0.9909132485241429,2.4915127941877357,1366.6396164732632,0.9909132485241429,195.82913495019392,2545.778754352521,69772.49894089729,10,,,,
92,0,920,196,61.0,138.10484468144188,0.0013152882732808148,1242.925056445266,1.7204138754381368,0.013152882732808149,1.004066131256951,2.724480006695088,1381.5914535524034,1.004066131256951,138.66639710713744,1802.663162392787,71575.16210329007,10,,,,
93,0,930,146,25.0,129.02573332124248,0.0006732523892065888,1237.7992034086635,1.7336810803026288,0.006732523892065888,1.010798655149017,2.7444797354516455,1368.2182411293911,1.010798655149017,130.4190377207276,1695.4474903694588,73270.60959365954,10,,,,
94,0,940,200,56.0,197.62490333221405,0.0018900049386348624,1170.8104815230693,1.5005995456635928,0.018900049386348622,1.0296987045353656,2.5302982501989586,1374.304588468177,1.0296987045353656,203.49410694510766,2645.4233902864,75916.03298394594,10,,,,
95,0,950,200,16.0,100.71182891465925,0.000705997116851687,1354.5918229559952,1.8819975000494924,0.00705997116851687,1.0367586757038825,2.9187561757533746,1459.0056853292733,1.0367586757038825,104.4138623732781,1357.3802108526156,77273.41319479856,10,,,,
96,0,960,199,22.0,119.72807709121598,0.0009113350733976853,1203.886071095257,1.6269789492800633,0.009113350733976852,1.0458720264378594,2.672850975717923,1329.1063177041553,1.0458720264378594,125.22024660889831,1627.863205915678,78901.27640071424,10,,,,
97,0,970,200,62.0,173.7695064879016,0.0006497863054926435,1207.843162181051,1.7330072964088659,0.006497863054926435,1.0523698894927858,2.785377185901652,1390.71295852094,1.0523698894927858,182.86979633988892,2377.307352418556,81278.5837531328,10,,,,
98,0,980,199,62.0,173.7695064879016,0.0006497863054926435,1207.843162181051,1.7330072964088659,0.006497863054926435,1.0588677525477121,2.791875048956578,1391.8420889772203,1.0588677525477121,183.99892679616946,2391.986048350203,83670.569801483,10,,,,
99,0,990,200,22.0,119.72807709121598,0.0009113350733976853,1203.886071095257,1.6269789492800633,0.009113350733976852,1.067981103281689,2.6949600525617523,1331.753394960929,1.067981103281689,127.86732386567196,1662.2752102537356,85332.84501173673,10,,,,
100,0,1000,200,56.0,197.62490333221405,0.0018900049386348624,1170.8104815230693,1.5005995456635928,0.018900049386348622,1.0868811526680378,2.5874806983316305,1385.6052642526956,1.0868811526680378,214.79478272962635,2792.332175485143,88125.17718722188,10,,,,
101,0,1010,200,22.0,119.72807709121598,0.0009113350733976853,1203.886071095257,1.6269789492800633,0.009113350733976852,1.0959945034020147,2.722973452682078,1335.1073854901224,1.0959945034020147,131.22131439486537,1705.87708713325,89831.05427435513,10,,,,
102,0,1020,200,56.0,197.62490333221405,0.0018900049386348624,1170.8104815230693,1.5005995456635928,0.018900049386348622,1.1148945527883634,2.615494098451956,1391.1414097434815,1.1148945527883634,220.33092822041232,2864.30206686536,92695.3563412205,10,,,,
103,0,1030,200,44.0,8.786048714477513,0.0005991682915312562,1114.5982488700788,1.393402046575842,0.005991682915312563,1.120886235703676,2.514288282279518,1124.4464099403585,1.120886235703676,9.84816107027982,128.02609391363768,92823.38243513413,10,,,,
104,0,1040,200,22.0,119.72807709121598,0.0009113350733976853,1203.886071095257,1.6269789492800633,0.009113350733976852,1.1299995864376529,2.756978535717716,1339.1787486933065,1.1299995864376529,135.29267759804947,1758.8048087746433,94582.18724390877,10,,,,
105,0,1050,200,56.0,197.62490333221405,0.0018900049386348624,1170.8104815230693,1.5005995456635928,0.018900049386348622,1.1488996358240016,2.6494991814875943,1397.8616609912035,1.1488996358240016,227.05117946813422,2951.6653330857453,97533.85257699453,10,,,,
106,0,1060,200,62.0,173.7695064879016,0.0006497863054926435,1207.843162181051,1.7330072964088659,0.006497863054926435,1.155397498878928,2.888404795287794,1408.6160153585981,1.155397498878928,200.77285317754715,2610.047091308113,100143.89966830263,10,,,,
107,0,1070,200,52.0,131.00243191893603,0.0002301614054186654,1117.8113310092135,1.531087339089409,0.002301614054186654,1.1576991129331147,2.6887864520225238,1269.4727302338465,1.1576991129331147,151.661399224633,1971.5981899202288,102115.49785822287,10,,,,
108,0,1080,200,62.0,173.7695064879016,0.0006497863054926435,1207.843162181051,1.7330072964088659,0.006497863054926435,1.164196975988041,2.897204272396907,1410.1450961532003,1.164196975988041,202.30193397214933,2629.925141637941,104745.4229998608,10,,,,
109,0,1090,198,61.0,138.10484468144188,0.0013152882732808148,1242.925056445266,1.7204138754381368,0.013152882732808149,1.1773498587208493,2.8977637341589864,1405.5227758196263,1.1773498587208493,162.59771937436042,2113.770351866686,106859.19335172749,10,,,,
110,0,1100,200,25.0,129.02573332124248,0.0006732523892065888,1237.7992034086635,1.7336810803026288,0.006732523892065888,1.1840823826129152,2.917763462915544,1390.5763011380589,1.1840823826129152,152.7770977293954,1986.1022704821403,108845.29562220963,10,,,,
111,0,1110,198,22.0,119.72807709121598,0.0009113350733976853,1203.886071095257,1.6269789492800633,0.009113350733976852,1.193195733346892,2.8201746826269556,1346.7451018423237,1.193195733346892,142.8590307470667,1857.1673997118671,110702.46302192149,10,,,,
112,0,1120,200,61.0,138.10484468144188,0.0013152882732808148,1242.925056445266,1.7204138754381368,0.013152882732808149,1.2063486160797003,2.926762491517837,1409.5276447006254,1.2063486160797003,166.60258825535936,2165.833647319672,112868.29666924116,10,,,,
113,0,1130,179,13.0,3.560992063492415,0.014751552795031025,931.8404695363166,1.4096673248072147,0.05,1.2563486160797004,2.666015940886915,936.3143169871561,1.2563486160797004,4.473847450839492,58.1600168609134,112926.45668610207,10,,,,
114,0,1140,179,13.0,3.560992063492415,0.014751552795031025,931.8404695363166,1.4096673248072147,0.05,1.3063486160797004,2.716015940886915,936.4923665903307,1.3063486160797004,4.651897054014113,60.47466170218347,112986.93134780426,10,,,,
115,0,1150,178,61.0,138.10484468144188,0.0013152882732808148,1242.925056445266,1.7204138754381368,0.013152882732808149,1.3195014988125087,3.0399153742506453,1425.1546059956972,1.3195014988125087,182.22954955043127,2368.984144155607,115355.91549195987,10,,,,
116,0,1160,48,23.0,264.78601755393345,0.0019431734943233133,1279.7887314568495,1.7742941514131914,0.019431734943233133,1.3389332337557418,3.1132273851689334,1634.3195301936423,1.3389332337557418,354.53079873679275,4608.900383578306,119964.81587553817,10,,,,
117,1,1170,95,37.0,140.8729284057014,0.00032223457017047644,1304.06612332207,1.8929721035018403,0.0032223457017047643,1.3421555794574465,3.2351276829592868,1493.1395101762917,1.3421555794574465,189.07338685422152,2457.9540291048797,122422.76990464305,10,,,,
118,1,1180,42,37.0,140.8729284057014,0.00032223457017047644,1304.06612332207,1.8929721035018403,0.0032223457017047643,1.3453779251591511,3.2383500286609914,1493.5934514516264,1.3453779251591511,189.5273281295562,2463.8552656842307,124886.62517032729,10,,,,
119,1,1190,66,37.0,140.8729284057014,0.00032223457017047644,1304.06612332207,1.8929721035018403,0.0032223457017047643,1.3486002708608558,3.241572374362696,1494.0473927269609,1.3486002708608558,189.98126940489084,2469.756502263581,127356.38167259087,10,,,,
120,1,1200,112,37.0,140.8729284057014,0.00032223457017047644,1304.06612332207,1.8929721035018403,0.0032223457017047643,1.3518226165625604,3.2447947200644007,1494.5013340022956,1.3518226165625604,190.4352106802255,2475.657738842932,129832.0394114338,10,,,,
121,1,1210,6,16.0,100.71182891465925,0.000705997116851687,1354.5918229559952,1.8819975000494924,0.00705997116851687,1.3588825877310773,3.2408800877805697,1491.4473736466769,1.3588825877310773,136.8555506906817,1779.122158978862,131611.16157041266,10,,,,
122,1,1220,19,37.0,140.8729284057014,0.00032223457017047644,1304.06612332207,1.8929721035018403,0.0032223457017047643,1.362104933432782,3.2550770369346225,1495.949834090599,1.362104933432782,191.88371076852897,2494.4882399908765,134105.64981040353,10,,,,
123,1,1230,12,37.0,140.8729284057014,0.00032223457017047644,1304.06612332207,1.8929721035018403,0.0032223457017047643,1.3653272791344866,3.258299382636327,1496.4037753659336,1.3653272791344866,192.3376520438636,2500.389476570227,136606.03928697374,10,,,,
124,1,1240,15,37.0,140.8729284057014,0.00032223457017047644,1304.06612332207,1.8929721035018403,0.0032223457017047643,1.3685496248361912,3.261521728338032,1496.8577166412683,1.3685496248361912,192.79159331919828,2506.2907131495776,139112.33000012333,10,,,,
125,1,1250,105,25.0,129.02573332124248,0.0006732523892065888,1237.7992034086635,1.7336810803026288,0.006732523892065888,1.3752821487282572,3.108963229030886,1415.245991171941,1.3752821487282572,177.44678776327746,2306.808240922607,141419.13824104593,10,,,,
126,1,1260,100,29.0,292.66465384988993,0.0010896312401945357,1252.6021111711066,1.7282187609308495,0.010896312401945357,1.3861784611302026,3.114397222061052,1658.2875506719504,1.3861784611302026,405.68543950084387,5273.91071351097,146693.0489545569,10,,,,
127,1,1270,16,29.0,292.66465384988993,0.0010896312401945357,1252.6021111711066,1.7282187609308495,0.010896312401945357,1.397074773532148,3.1252935344629975,1661.476516169306,1.397074773532148,408.87440499819945,5315.367264976593,152008.41621953348,10,,,,
128,1,1280,115,29.0,292.66465384988993,0.0010896312401945357,1252.6021111711066,1.7282187609308495,0.010896312401945357,1.4079710859340935,3.136189846864943,1664.6654816666617,1.4079710859340935,412.0633704955551,5356.823816442216,157365.2400359757,10,,,,
129,1,1290,104,55.0,178.23238710886417,0.0006357395763863609,1134.7143727386494,1.5044998404906829,0.00635739576386361,1.414328481697957,2.9188283221886397,1386.793514187732,1.414328481697957,252.0791414490824,3277.0288388380714,160642.26887481377,10,,,,
130,1,1300,40,29.0,292.66465384988993,0.0010896312401945357,1252.6021111711066,1.7282187609308495,0.010896312401945357,1.4252247940999025,3.1534435550307522,1669.7150321946351,1.4252247940999025,417.1129210235286,5422.467973305873,166064.73684811965,10,,,,
131,1,1310,65,29.0,292.66465384988993,0.0010896312401945357,1252.6021111711066,1.7282187609308495,0.010896312401945357,1.436121106501848,3.1643398674326972,1672.9039976919908,1.436121106501848,420.30188652088424,5463.924524771495,171528.66137289113,10,,,,
132,1,1320,69,37.0,140.8729284057014,0.00032223457017047644,1304.06612332207,1.8929721035018403,0.0032223457017047643,1.4393434522035526,3.332315555705393,1506.8306504155562,1.4393434522035526,202.76452709348618,2635.9388522153204,174164.60022510646,10,,,,
133,1,1330,46,37.0,140.8729284057014,0.00032223457017047644,1304.06612332207,1.8929721035018403,0.0032223457017047643,1.4425657979052573,3.335537901407098,1507.284591690891,1.4425657979052573,203.21846836882082,2641.8400887946705,176806.44031390114,10,,,,
134,1,1340,50,55.0,178.23238710886417,0.0006357395763863609,1134.7143727386494,1.5044998404906829,0.00635739576386361,1.448923193669121,2.953423034159804,1392.959412283696,1.448923193669121,258.24503954504655,3357.185514085605,180163.62582798675,10,,,,
135,1,1350,91,29.0,292.66465384988993,0.0010896312401945357,1252.6021111711066,1.7282187609308495,0.010896312401945357,1.4598195060710664,3.188038267001916,1679.8396815987126,1.4598195060710664,427.23757042760593,5554.088415558877,185717.71424354563,10,,,,
136,1,1360,2,23.0,264.78601755393345,0.0019431734943233133,1279.7887314568495,1.7742941514131914,0.019431734943233133,1.4792512410142995,3.253545392427491,1671.4737765267396,1.4792512410142995,391.6850450698901,5091.905585908572,190809.6198294542,10,,,,
137,1,1370,12,37.0,140.8729284057014,0.00032223457017047644,1304.06612332207,1.8929721035018403,0.0032223457017047643,1.4824735867160042,3.3754456902178447,1512.906518766857,1.4824735867160042,208.84039544478702,2714.925140782231,193524.54497023643,10,,,,
138,1,1380,22,37.0,140.8729284057014,0.00032223457017047644,1304.06612332207,1.8929721035018403,0.0032223457017047643,1.4856959324177088,3.3786680359195493,1513.3604600421918,1.4856959324177088,209.2943367201217,2720.826377361582,196245.371347598,10,,,,
139,1,1390,8,29.0,292.66465384988993,0.0010896312401945357,1252.6021111711066,1.7282187609308495,0.010896312401945357,1.4965922448196542,3.224811005750504,1690.6017624556803,1.4965922448196542,437.9996512845738,5693.99546669946,201939.36681429745,10,,,,
140,1,1400,29,13.0,3.560992063492415,0.014751552795031025,931.8404695363166,1.4096673248072147,0.05,1.5465922448196543,2.956259569626869,937.3478722455783,1.5465922448196543,5.507402709261707,71.59623522040219,202010.96304951786,10,,,,
141,1,1410,184,45.0,52.86555078422901,0.0007510854736084213,1142.1388988642605,1.4366417799679754,0.0075108547360842135,1.5541030995557386,2.9907448795237137,1224.2974151977521,1.5541030995557386,82.1585163334916,1068.060712335391,203079.02376185326,10,,,,
142,1,1420,200,45.0,52.86555078422901,0.0007510854736084213,1142.1388988642605,1.4366417799679754,0.0075108547360842135,1.5616139542918228,2.998255734259798,1224.6944806702354,1.5616139542918228,82.55558180597504,1073.2225634776755,204152.24632533093,10,,,,
143,1,1430,200,45.0,52.86555078422901,0.0007510854736084213,1142.1388988642605,1.4366417799679754,0.0075108547360842135,1.569124809027907,3.0057665889958827,1225.091546142719,1.569124809027907,82.95264727845847,1078.3844146199601,205230.6307399509,10,,,,
144,1,1440,200,45.0,52.86555078422901,0.0007510854736084213,1142.1388988642605,1.4366417799679754,0.0075108547360842135,1.5766356637639913,3.0132774437319667,1225.4886116152024,1.5766356637639913,83.34971275094189,1083.5462657622447,206314.17700571314,10,,,,
145,1,1450,200,45.0,52.86555078422901,0.0007510854736084213,1142.1388988642605,1.4366417799679754,0.0075108547360842135,1.5841465185000756,3.0207882984680507,1225.8856770876857,1.5841465185000756,83.74677822342532,1088.7081169045293,207402.88512261768,10,,,,
146,1,1460,200,61.0,138.10484468144188,0.0013152882732808148,1242.925056445266,1.7204138754381368,0.013152882732808149,1.5972994012328838,3.3177132766710207,1463.5198421622933,1.5972994012328838,220.59478571702752,2867.7322143213582,210270.61733693903,10,,,,
147,1,1470,200,45.0,52.86555078422901,0.0007510854736084213,1142.1388988642605,1.4366417799679754,0.0075108547360842135,1.604810255968968,3.0414520359369437,1226.9780769502395,1.604810255968968,84.83917808597903,1102.9093151177274,211373.52665205675,10,,,,
148,1,1480,200,61.0,138.10484468144188,0.0013152882732808148,1242.925056445266,1.7204138754381368,0.013152882732808149,1.6179631387017763,3.338377014139913,1466.373604415973,1.6179631387017763,223.448547970707,2904.831123619191,214278.35777567595,10,,,,
149,1,1490,200,56.0,197.62490333221405,0.0018900049386348624,1170.8104815230693,1.5005995456635928,0.018900049386348622,1.636863188088125,3.137462733751718,1494.2954108370445,1.636863188088125,323.4849293139754,4205.30408108168,218483.66185675762,10,,,,
150,1,1500,196,61.0,138.10484468144188,0.0013152882732808148,1242.925056445266,1.7204138754381368,0.013152882732808149,1.6500160708209333,3.37042994625907,1470.8002696278738,1.6500160708209333,227.87521318260798,2962.3777713739037,221446.03962813152,10,,,,
151,1,1510,146,25.0,129.02573332124248,0.0006732523892065888,1237.7992034086635,1.7336810803026288,0.006732523892065888,1.6567485947129992,3.390429675015628,1451.5624057704463,1.6567485947129992,213.76320236178267,2778.921630703175,224224.9612588347,10,,,,
152,1,1520,200,56.0,197.62490333221405,0.0018900049386348624,1170.8104815230693,1.5005995456635928,0.018900049386348622,1.6756486440993479,3.1762481897629407,1501.9603828319584,1.6756486440993479,331.1499013088892,4304.94871701556,228529.90997585026,10,,,,
153,1,1530,200,16.0,100.71182891465925,0.000705997116851687,1354.5918229559952,1.8819975000494924,0.00705997116851687,1.6827086152678647,3.564706115317357,1524.0604851300757,1.6827086152678647,169.46866217408038,2203.092608263045,230733.0025841133,10,,,,
154,1,1540,199,22.0,119.72807709121598,0.0009113350733976853,1203.886071095257,1.6269789492800633,0.009113350733976852,1.6918219660018416,3.318800915281905,1406.444661865338,1.6918219660018416,202.55859077008108,2633.2616800110545,233366.26426412436,10,,,,
155,1,1550,200,62.0,173.7695064879016,0.0006497863054926435,1207.843162181051,1.7330072964088659,0.006497863054926435,1.698319829056768,3.431327125465634,1502.959360734863,1.698319829056768,295.11619855381196,3836.5105811995554,237202.7748453239,10,,,,
156,1,1560,199,62.0,173.7695064879016,0.0006497863054926435,1207.843162181051,1.7330072964088659,0.006497863054926435,1.7048176921116944,3.4378249885205605,1504.0884911911435,1.7048176921116944,296.2453290100925,3851.1892771312027,241053.9641224551,10,,,,
157,1,1570,200,22.0,119.72807709121598,0.0009113350733976853,1203.886071095257,1.6269789492800633,0.009113350733976852,1.7139310428456713,3.3409099921257344,1409.0917391221117,1.7139310428456713,205.20566802685474,2667.6736843491117,243721.6378068042,10,,,,
158,1,1580,200,56.0,197.62490333221405,0.0018900049386348624,1170.8104815230693,1.5005995456635928,0.018900049386348622,1.73283109223202,3.233430637895613,1513.2610586164772,1.73283109223202,342.45057709340784,4451.857502214302,248173.4953090185,10,,,,
159,1,1590,200,22.0,119.72807709121598,0.0009113350733976853,1203.886071095257,1.6269789492800633,0.009113350733976852,1.741944442965997,3.36892339224606,1412.445729651305,1.741944442965997,208.55965855604816,2711.2755612286264,250884.77087024713,10,,,,
160,1,1600,200,56.0,197.62490333221405,0.0018900049386348624,1170.8104815230693,1.5005995456635928,0.018900049386348622,1.7608444923523456,3.2614440380159384,1518.797204107263,1.7608444923523456,347.98672258419384,4523.82739359452,255408.59826384165,10,,,,
161,1,1610,200,44.0,8.786048714477513,0.0005991682915312562,1114.5982488700788,1.393402046575842,0.005991682915312563,1.7668361752676582,3.1602382218435006,1130.1217575764815,1.7668361752676582,15.523508706402774,201.8056131832361,255610.4038770249,10,,,,
162,1,1620,200,22.0,119.72807709121598,0.0009113350733976853,1203.886071095257,1.6269789492800633,0.009113350733976852,1.7759495260016351,3.4029284752816986,1416.5170928544892,1.7759495260016351,212.63102175923225,2764.2032828700194,258374.60715989492,10,,,,
163,1,1630,200,56.0,197.62490333221405,0.0018900049386348624,1170.8104815230693,1.5005995456635928,0.018900049386348622,1.7948495753879838,3.2954491210515764,1525.517455354985,1.7948495753879838,354.7069738319157,4611.190659814904,262985.7978197098,10,,,,
164,1,1640,200,62.0,173.7695064879016,0.0006497863054926435,1207.843162181051,1.7330072964088659,0.006497863054926435,1.8013474384429102,3.5343547348517763,1520.8624175725213,1.8013474384429102,313.0192553914702,4069.250320089113,267055.0481397989,10,,,,
165,1,1650,200,52.0,131.00243191893603,0.0002301614054186654,1117.8113310092135,1.531087339089409,0.002301614054186654,1.803649052497097,3.334736391586506,1354.093743214618,1.803649052497097,236.28241220540443,3071.6713586702576,270126.7194984692,10,,,,
166,1,1660,200,62.0,173.7695064879016,0.0006497863054926435,1207.843162181051,1.7330072964088659,0.006497863054926435,1.8101469155520233,3.543154211960889,1522.3914983671234,1.8101469155520233,314.5483361860724,4089.1283704189414,274215.8478688882,10,,,,
167,1,1670,198,61.0,138.10484468144188,0.0013152882732808148,1242.925056445266,1.7204138754381368,0.013152882732808149,1.8232997982848316,3.5437136737229684,1494.731591895097,1.8232997982848316,251.80653544983096,3273.4849608478025,277489.332829736,10,,,,
168,1,1680,200,25.0,129.02573332124248,0.0006732523892065888,1237.7992034086635,1.7336810803026288,0.006732523892065888,1.8300323221768975,3.563713402479526,1473.920465779114,1.8300323221768975,236.1212623704505,3069.576410815857,280558.9092405519,10,,,,
169,1,1690,198,22.0,119.72807709121598,0.0009113350733976853,1203.886071095257,1.6269789492800633,0.009113350733976852,1.8391456729108744,3.4661246221909376,1424.0834460035064,1.8391456729108744,220.19737490824946,2862.565873807243,283421.4751143591,10,,,,
170,1,1700,200,61.0,138.10484468144188,0.0013152882732808148,1242.925056445266,1.7204138754381368,0.013152882732808149,1.8522985556436826,3.5727124310818192,1498.7364607760958,1.8522985556436826,255.8114043308299,3325.548256300789,286747.0233706599,10,,,,
171,1,1710,179,13.0,3.560992063492415,0.014751552795031025,931.8404695363166,1.4096673248072147,0.05,1.9022985556436827,3.3119658804508973,938.6145395953569,1.9022985556436827,6.7740700590402385,88.0629107675231,286835.0862814274,10,,,,
172,1,1720,179,13.0,3.560992063492415,0.014751552795031025,931.8404695363166,1.4096673248072147,0.05,1.9522985556436827,3.3619658804508976,938.7925891985315,1.9522985556436827,6.9521196622148596,90.37755560879317,286925.4638370362,10,,,,
173,1,1730,178,61.0,138.10484468144188,0.0013152882732808148,1242.925056445266,1.7204138754381368,0.013152882732808149,1.965451438376491,3.685865313814628,1514.3634220711676,1.965451438376491,271.4383656259018,3528.698753136723,290454.16259017296,10,,,,
174,1,1740,48,23.0,264.78601755393345,0.0019431734943233133,1279.7887314568495,1.7742941514131914,0.019431734943233133,1.984883173319724,3.7591773247329154,1805.358042229993,1.984883173319724,525.5693107731436,6832.401040050867,297286.5636302238,10,,,,
175,2,1750,95,37.0,140.8729284057014,0.00032223457017047644,1304.06612332207,1.8929721035018403,0.0032223457017047643,1.9881055190214287,3.881077622523269,1584.1363697661557,1.9881055190214287,280.07024644408557,3640.9132037731124,300927.4768339969,10,,,,
